-- =============================================================
-- STAY-SMART  ·  Seed Data Dump
-- Generated: 2026-04-28
-- Charset: utf8mb4 (vietnamese-friendly)
-- Compatible: MySQL 8 / MariaDB 10.6+ / Laravel 12
-- =============================================================

SET NAMES utf8mb4;
SET FOREIGN_KEY_CHECKS = 0;
SET time_zone = '+07:00';

-- -------------------------------------------------------------
-- SCHEMA
-- -------------------------------------------------------------

DROP TABLE IF EXISTS `chat_messages`;
DROP TABLE IF EXISTS `chat_sessions`;
DROP TABLE IF EXISTS `reviews`;
DROP TABLE IF EXISTS `payments`;
DROP TABLE IF EXISTS `bookings`;
DROP TABLE IF EXISTS `hotel_images`;
DROP TABLE IF EXISTS `rooms`;
DROP TABLE IF EXISTS `hotels`;
DROP TABLE IF EXISTS `places`;
DROP TABLE IF EXISTS `users`;

CREATE TABLE `users` (
  `id` BIGINT UNSIGNED NOT NULL AUTO_INCREMENT,
  `name` VARCHAR(120) NOT NULL,
  `email` VARCHAR(150) NOT NULL UNIQUE,
  `phone` VARCHAR(20) DEFAULT NULL,
  `password` VARCHAR(255) NOT NULL DEFAULT '$2y$12$p..YK17O4pMC7eRL1T8V0u0efk1MAUGfnCMAYg8vSYPAMivxUdzKa', -- bcrypt('password')
  `role` ENUM('customer','admin') NOT NULL DEFAULT 'customer',
  `avatar` VARCHAR(255) DEFAULT NULL,
  `email_verified_at` TIMESTAMP NULL DEFAULT CURRENT_TIMESTAMP,
  `created_at` TIMESTAMP NULL DEFAULT CURRENT_TIMESTAMP,
  `updated_at` TIMESTAMP NULL DEFAULT CURRENT_TIMESTAMP,
  PRIMARY KEY (`id`),
  KEY `idx_users_email` (`email`)
) ENGINE=InnoDB DEFAULT CHARSET=utf8mb4 COLLATE=utf8mb4_unicode_ci;

CREATE TABLE `hotels` (
  `id` BIGINT UNSIGNED NOT NULL AUTO_INCREMENT,
  `name` VARCHAR(200) NOT NULL,
  `slug` VARCHAR(220) NOT NULL UNIQUE,
  `district` VARCHAR(100) NOT NULL,
  `address` VARCHAR(255) NOT NULL,
  `lat` DECIMAL(10,6) DEFAULT NULL,
  `lng` DECIMAL(10,6) DEFAULT NULL,
  `stars` TINYINT NOT NULL,
  `base_price` INT NOT NULL,
  `rating` DECIMAL(2,1) NOT NULL DEFAULT 0.0,
  `reviews_count` INT NOT NULL DEFAULT 0,
  `description` TEXT,
  `amenities` JSON,
  `phone` VARCHAR(20) DEFAULT NULL,
  `email` VARCHAR(150) DEFAULT NULL,
  `has_vr_tour` TINYINT(1) NOT NULL DEFAULT 0,
  `is_active` TINYINT(1) NOT NULL DEFAULT 1,
  `created_at` TIMESTAMP NULL DEFAULT CURRENT_TIMESTAMP,
  `updated_at` TIMESTAMP NULL DEFAULT CURRENT_TIMESTAMP,
  PRIMARY KEY (`id`),
  KEY `idx_hotels_district` (`district`),
  KEY `idx_hotels_stars` (`stars`),
  KEY `idx_hotels_price` (`base_price`)
) ENGINE=InnoDB DEFAULT CHARSET=utf8mb4 COLLATE=utf8mb4_unicode_ci;

CREATE TABLE `rooms` (
  `id` BIGINT UNSIGNED NOT NULL AUTO_INCREMENT,
  `hotel_id` BIGINT UNSIGNED NOT NULL,
  `name` VARCHAR(150) NOT NULL,
  `description` TEXT,
  `price_per_night` INT NOT NULL,
  `capacity` TINYINT NOT NULL DEFAULT 2,
  `available_units` SMALLINT NOT NULL DEFAULT 5,
  `image` VARCHAR(255) DEFAULT NULL,
  `is_active` TINYINT(1) NOT NULL DEFAULT 1,
  `created_at` TIMESTAMP NULL DEFAULT CURRENT_TIMESTAMP,
  `updated_at` TIMESTAMP NULL DEFAULT CURRENT_TIMESTAMP,
  PRIMARY KEY (`id`),
  KEY `idx_rooms_hotel` (`hotel_id`),
  CONSTRAINT `fk_rooms_hotel` FOREIGN KEY (`hotel_id`) REFERENCES `hotels`(`id`) ON DELETE CASCADE
) ENGINE=InnoDB DEFAULT CHARSET=utf8mb4 COLLATE=utf8mb4_unicode_ci;

CREATE TABLE `hotel_images` (
  `id` BIGINT UNSIGNED NOT NULL AUTO_INCREMENT,
  `hotel_id` BIGINT UNSIGNED NOT NULL,
  `url` VARCHAR(500) NOT NULL,
  `caption` VARCHAR(200) DEFAULT NULL,
  `is_primary` TINYINT(1) NOT NULL DEFAULT 0,
  `created_at` TIMESTAMP NULL DEFAULT CURRENT_TIMESTAMP,
  PRIMARY KEY (`id`),
  KEY `idx_images_hotel` (`hotel_id`),
  CONSTRAINT `fk_images_hotel` FOREIGN KEY (`hotel_id`) REFERENCES `hotels`(`id`) ON DELETE CASCADE
) ENGINE=InnoDB DEFAULT CHARSET=utf8mb4 COLLATE=utf8mb4_unicode_ci;

CREATE TABLE `bookings` (
  `id` BIGINT UNSIGNED NOT NULL AUTO_INCREMENT,
  `booking_code` VARCHAR(20) NOT NULL UNIQUE,
  `user_id` BIGINT UNSIGNED NOT NULL,
  `hotel_id` BIGINT UNSIGNED NOT NULL,
  `room_id` BIGINT UNSIGNED NOT NULL,
  `guest_name` VARCHAR(120) NOT NULL,
  `guest_email` VARCHAR(150) NOT NULL,
  `guest_phone` VARCHAR(20) NOT NULL,
  `checkin_date` DATE NOT NULL,
  `checkout_date` DATE NOT NULL,
  `nights` TINYINT NOT NULL,
  `guests_count` TINYINT NOT NULL DEFAULT 1,
  `subtotal` INT NOT NULL,
  `tax` INT NOT NULL,
  `total_amount` INT NOT NULL,
  `status` ENUM('pending','confirmed','completed','cancelled') NOT NULL DEFAULT 'pending',
  `special_requests` TEXT,
  `created_at` TIMESTAMP NULL DEFAULT CURRENT_TIMESTAMP,
  `updated_at` TIMESTAMP NULL DEFAULT CURRENT_TIMESTAMP,
  PRIMARY KEY (`id`),
  KEY `idx_bookings_user` (`user_id`),
  KEY `idx_bookings_hotel` (`hotel_id`),
  KEY `idx_bookings_status` (`status`),
  KEY `idx_bookings_checkin` (`checkin_date`),
  CONSTRAINT `fk_bookings_user` FOREIGN KEY (`user_id`) REFERENCES `users`(`id`),
  CONSTRAINT `fk_bookings_hotel` FOREIGN KEY (`hotel_id`) REFERENCES `hotels`(`id`),
  CONSTRAINT `fk_bookings_room` FOREIGN KEY (`room_id`) REFERENCES `rooms`(`id`)
) ENGINE=InnoDB DEFAULT CHARSET=utf8mb4 COLLATE=utf8mb4_unicode_ci;

CREATE TABLE `payments` (
  `id` BIGINT UNSIGNED NOT NULL AUTO_INCREMENT,
  `booking_id` BIGINT UNSIGNED NOT NULL,
  `method` ENUM('credit_card','vnpay','momo','bank_transfer','cash_at_hotel') NOT NULL,
  `amount` INT NOT NULL,
  `status` ENUM('pending','paid','refunded','failed') NOT NULL DEFAULT 'pending',
  `transaction_ref` VARCHAR(100) DEFAULT NULL,
  `paid_at` TIMESTAMP NULL DEFAULT NULL,
  `created_at` TIMESTAMP NULL DEFAULT CURRENT_TIMESTAMP,
  PRIMARY KEY (`id`),
  KEY `idx_payments_booking` (`booking_id`),
  CONSTRAINT `fk_payments_booking` FOREIGN KEY (`booking_id`) REFERENCES `bookings`(`id`) ON DELETE CASCADE
) ENGINE=InnoDB DEFAULT CHARSET=utf8mb4 COLLATE=utf8mb4_unicode_ci;

CREATE TABLE `reviews` (
  `id` BIGINT UNSIGNED NOT NULL AUTO_INCREMENT,
  `booking_id` BIGINT UNSIGNED NOT NULL,
  `user_id` BIGINT UNSIGNED NOT NULL,
  `hotel_id` BIGINT UNSIGNED NOT NULL,
  `rating` DECIMAL(2,1) NOT NULL,
  `comment` TEXT NOT NULL,
  `created_at` TIMESTAMP NULL DEFAULT CURRENT_TIMESTAMP,
  PRIMARY KEY (`id`),
  KEY `idx_reviews_hotel` (`hotel_id`),
  KEY `idx_reviews_user` (`user_id`),
  CONSTRAINT `fk_reviews_user` FOREIGN KEY (`user_id`) REFERENCES `users`(`id`),
  CONSTRAINT `fk_reviews_hotel` FOREIGN KEY (`hotel_id`) REFERENCES `hotels`(`id`),
  CONSTRAINT `fk_reviews_booking` FOREIGN KEY (`booking_id`) REFERENCES `bookings`(`id`)
) ENGINE=InnoDB DEFAULT CHARSET=utf8mb4 COLLATE=utf8mb4_unicode_ci;

CREATE TABLE `places` (
  `id` BIGINT UNSIGNED NOT NULL AUTO_INCREMENT,
  `name` VARCHAR(200) NOT NULL,
  `type` ENUM('restaurant','cafe','attraction','shopping','bar','spa') NOT NULL,
  `district` VARCHAR(100) NOT NULL,
  `address` VARCHAR(255) NOT NULL,
  `description` TEXT,
  `rating` DECIMAL(2,1) NOT NULL DEFAULT 0.0,
  `avg_price` INT NOT NULL DEFAULT 0,
  `image_url` VARCHAR(500) DEFAULT NULL,
  `lat` DECIMAL(10,6) DEFAULT NULL,
  `lng` DECIMAL(10,6) DEFAULT NULL,
  `is_active` TINYINT(1) NOT NULL DEFAULT 1,
  `created_at` TIMESTAMP NULL DEFAULT CURRENT_TIMESTAMP,
  PRIMARY KEY (`id`),
  KEY `idx_places_type` (`type`),
  KEY `idx_places_district` (`district`)
) ENGINE=InnoDB DEFAULT CHARSET=utf8mb4 COLLATE=utf8mb4_unicode_ci;

CREATE TABLE `chat_sessions` (
  `id` BIGINT UNSIGNED NOT NULL AUTO_INCREMENT,
  `user_id` BIGINT UNSIGNED DEFAULT NULL,
  `started_at` TIMESTAMP NULL DEFAULT CURRENT_TIMESTAMP,
  `ended_at` TIMESTAMP NULL DEFAULT NULL,
  `message_count` SMALLINT NOT NULL DEFAULT 0,
  PRIMARY KEY (`id`),
  KEY `idx_chat_user` (`user_id`),
  CONSTRAINT `fk_chat_user` FOREIGN KEY (`user_id`) REFERENCES `users`(`id`) ON DELETE SET NULL
) ENGINE=InnoDB DEFAULT CHARSET=utf8mb4 COLLATE=utf8mb4_unicode_ci;

CREATE TABLE `chat_messages` (
  `id` BIGINT UNSIGNED NOT NULL AUTO_INCREMENT,
  `session_id` BIGINT UNSIGNED NOT NULL,
  `sender` ENUM('user','bot') NOT NULL,
  `content` TEXT NOT NULL,
  `created_at` TIMESTAMP NULL DEFAULT CURRENT_TIMESTAMP,
  PRIMARY KEY (`id`),
  KEY `idx_msg_session` (`session_id`),
  CONSTRAINT `fk_msg_session` FOREIGN KEY (`session_id`) REFERENCES `chat_sessions`(`id`) ON DELETE CASCADE
) ENGINE=InnoDB DEFAULT CHARSET=utf8mb4 COLLATE=utf8mb4_unicode_ci;


-- -------------------------------------------------------------
-- DATA
-- -------------------------------------------------------------

INSERT INTO `users` (`id`, `name`, `email`, `phone`, `role`, `avatar`) VALUES
  (1, 'Admin STAY-SMART', 'admin@staysmart.vn', '0901000000', 'admin', 'https://i.pravatar.cc/150?img=1'),
  (2, 'Ngô Văn Tùng', 'ngotung2@email.com', '0932181960', 'customer', 'https://i.pravatar.cc/150?img=3'),
  (3, 'Nguyễn Văn Quang', 'nguyenquang3@email.com', '0908386379', 'customer', 'https://i.pravatar.cc/150?img=4'),
  (4, 'Hoàng Ngọc Anh', 'hoanganh4@email.com', '0926542351', 'customer', 'https://i.pravatar.cc/150?img=5'),
  (5, 'Trần Hữu Hoàng', 'tranhoang5@email.com', '0994078161', 'customer', 'https://i.pravatar.cc/150?img=6'),
  (6, 'Đỗ Hữu Thắng', 'dothang6@email.com', '0959310341', 'customer', 'https://i.pravatar.cc/150?img=7'),
  (7, 'Phạm Thị Thảo', 'phamthao7@email.com', '0952553419', 'customer', 'https://i.pravatar.cc/150?img=8'),
  (8, 'Ngô Văn Tùng', 'ngotung8@email.com', '0976483503', 'customer', 'https://i.pravatar.cc/150?img=9'),
  (9, 'Nguyễn Thị Thảo', 'nguyenthao9@email.com', '0939537672', 'customer', 'https://i.pravatar.cc/150?img=10'),
  (10, 'Hoàng Văn Tùng', 'hoangtung10@email.com', '0949696532', 'customer', 'https://i.pravatar.cc/150?img=11'),
  (11, 'Đỗ Văn Vũ', 'dovu11@email.com', '0912269166', 'customer', 'https://i.pravatar.cc/150?img=12'),
  (12, 'Hồ Thị Vy', 'hovy12@email.com', '0980184514', 'customer', 'https://i.pravatar.cc/150?img=13'),
  (13, 'Đặng Hữu Minh', 'dangminh13@email.com', '0948281489', 'customer', 'https://i.pravatar.cc/150?img=14'),
  (14, 'Phạm Văn Vũ', 'phamvu14@email.com', '0980957015', 'customer', 'https://i.pravatar.cc/150?img=15'),
  (15, 'Lý Văn Minh', 'lyminh15@email.com', '0991171822', 'customer', 'https://i.pravatar.cc/150?img=16'),
  (16, 'Ngô Văn Phong', 'ngophong16@email.com', '0989638346', 'customer', 'https://i.pravatar.cc/150?img=17'),
  (17, 'Ngô Ngọc Trang', 'ngotrang17@email.com', '0971331509', 'customer', 'https://i.pravatar.cc/150?img=18'),
  (18, 'Đỗ Văn Quang', 'doquang18@email.com', '0903105183', 'customer', 'https://i.pravatar.cc/150?img=19'),
  (19, 'Hoàng Thị Mai', 'hoangmai19@email.com', '0999737631', 'customer', 'https://i.pravatar.cc/150?img=20'),
  (20, 'Trần Thị Phương', 'tranphuong20@email.com', '0970106513', 'customer', 'https://i.pravatar.cc/150?img=21'),
  (21, 'Phạm Văn Nam', 'phamnam21@email.com', '0924731781', 'customer', 'https://i.pravatar.cc/150?img=22'),
  (22, 'Nguyễn Ngọc Vy', 'nguyenvy22@email.com', '0913267736', 'customer', 'https://i.pravatar.cc/150?img=23'),
  (23, 'Nguyễn Hữu Minh', 'nguyenminh23@email.com', '0947468723', 'customer', 'https://i.pravatar.cc/150?img=24'),
  (24, 'Hoàng Văn Minh', 'hoangminh24@email.com', '0980500978', 'customer', 'https://i.pravatar.cc/150?img=25'),
  (25, 'Đỗ Văn Phong', 'dophong25@email.com', '0921913619', 'customer', 'https://i.pravatar.cc/150?img=26'),
  (26, 'Phạm Thị Anh', 'phamanh26@email.com', '0969985435', 'customer', 'https://i.pravatar.cc/150?img=27'),
  (27, 'Phạm Hữu Hùng', 'phamhung27@email.com', '0947510799', 'customer', 'https://i.pravatar.cc/150?img=28'),
  (28, 'Trần Văn Quang', 'tranquang28@email.com', '0925135427', 'customer', 'https://i.pravatar.cc/150?img=29'),
  (29, 'Đỗ Ngọc Yến', 'doyen29@email.com', '0980841241', 'customer', 'https://i.pravatar.cc/150?img=30'),
  (30, 'Trần Thị Hương', 'tranhuong30@email.com', '0993534874', 'customer', 'https://i.pravatar.cc/150?img=31');


INSERT INTO `hotels` (`id`, `name`, `slug`, `district`, `address`, `lat`, `lng`, `stars`, `base_price`, `rating`, `reviews_count`, `description`, `amenities`, `phone`, `email`, `has_vr_tour`) VALUES
  (1, 'Sofitel Legend Metropole Hanoi', 'sofitel-legend-metropole-hanoi', 'Hoàn Kiếm', '15 Ngô Quyền, Hoàn Kiếm, Hà Nội', 21.060927, 105.881888, 5, 5800000, 4.9, 2847, 'Khách sạn 5 sao mang đậm dấu ấn Pháp cổ điển, biểu tượng của Hà Nội từ năm 1901.', '["wifi", "breakfast", "parking", "elevator", "gym", "restaurant", "bar", "laundry", "pool", "spa", "concierge", "room_service", "view"]', '0241640052', 'info@sofitel.vn', 1),
  (2, 'Apricot Hotel', 'apricot-hotel', 'Hoàn Kiếm', '136 Hàng Trống, Hoàn Kiếm, Hà Nội', 21.033373, 105.82315, 5, 2400000, 4.7, 1523, 'Khách sạn nghệ thuật bên Hồ Hoàn Kiếm, gần phố đi bộ.', '["wifi", "breakfast", "parking", "elevator", "gym", "restaurant", "bar", "laundry", "pool", "spa", "concierge", "room_service", "view"]', '0242805982', 'info@apricot.vn', 1),
  (3, 'Hanoi La Siesta Premium', 'hanoi-la-siesta-premium', 'Hoàn Kiếm', '94 Mã Mây, Hoàn Kiếm, Hà Nội', 21.060414, 105.831006, 4, 1450000, 4.8, 3204, 'Boutique giữa lòng phố cổ, nổi tiếng dịch vụ chu đáo.', '["wifi", "breakfast", "parking", "elevator", "gym", "restaurant", "bar", "laundry"]', '0243158692', 'info@hanoi.vn', 1),
  (4, 'Hanoi Pearl Hotel', 'hanoi-pearl-hotel', 'Hoàn Kiếm', '6 Bảo Khánh, Hoàn Kiếm, Hà Nội', 21.002849, 105.888159, 4, 850000, 4.5, 1124, 'Khách sạn 4 sao gần Hồ Gươm, giá hợp lý cho cặp đôi.', '["wifi", "breakfast", "parking", "elevator", "gym", "restaurant", "bar", "laundry"]', '0246342160', 'info@hanoi.vn', 1),
  (5, 'La Siesta Classic Ma May', 'la-siesta-classic-ma-may', 'Hoàn Kiếm', '94 Mã Mây, Hoàn Kiếm, Hà Nội', 21.012915, 105.877828, 4, 1200000, 4.7, 2156, 'Boutique cổ điển, 2 phút đi bộ tới phố cổ.', '["wifi", "breakfast", "parking", "elevator", "gym", "restaurant", "bar", "laundry"]', '0243303654', 'info@la.vn', 1),
  (6, 'O''Gallery Premier Hotel & Spa', 'ogallery-premier-hotel-and-spa', 'Hoàn Kiếm', '122 Hàng Bông, Hoàn Kiếm, Hà Nội', 21.042861, 105.881693, 4, 1650000, 4.8, 2891, 'Boutique phong cách Pháp với spa cao cấp.', '["wifi", "breakfast", "parking", "elevator", "gym", "restaurant", "bar", "laundry"]', '0245014294', 'info@ogallery.vn', 1),
  (7, 'Hanoi Marvellous Hotel', 'hanoi-marvellous-hotel', 'Hoàn Kiếm', '44 Lò Sũ, Hoàn Kiếm, Hà Nội', 21.046784, 105.839294, 4, 980000, 4.6, 1547, 'Khách sạn hiện đại trong phố cổ, gần Hồ Gươm.', '["wifi", "breakfast", "parking", "elevator", "gym", "restaurant", "bar", "laundry"]', '0249816934', 'info@hanoi.vn', 1),
  (8, 'Conifer Boutique Hotel', 'conifer-boutique-hotel', 'Hoàn Kiếm', '9 Lý Đạo Thành, Hoàn Kiếm, Hà Nội', 21.043449, 105.889421, 4, 1320000, 4.7, 1832, 'Boutique tinh tế gần Nhà hát Lớn.', '["wifi", "breakfast", "parking", "elevator", "gym", "restaurant", "bar", "laundry"]', '0243561595', 'info@conifer.vn', 1),
  (9, 'Authentic Hanoi Boutique', 'authentic-hanoi-boutique', 'Hoàn Kiếm', '11 Bát Đàn, Hoàn Kiếm, Hà Nội', 21.041851, 105.840295, 4, 920000, 4.6, 1245, 'Phong cách Đông Dương cổ điển, vị trí trung tâm phố cổ.', '["wifi", "breakfast", "parking", "elevator", "gym", "restaurant", "bar", "laundry"]', '0244823662', 'info@authentic.vn', 1),
  (10, 'Hanoi La Castela Hotel', 'hanoi-la-castela-hotel', 'Hoàn Kiếm', '39A Hàng Bè, Hoàn Kiếm, Hà Nội', 21.055198, 105.83851, 4, 760000, 4.5, 987, 'Khách sạn gia đình thân thiện trong phố cổ.', '["wifi", "breakfast", "parking", "elevator", "gym", "restaurant", "bar", "laundry"]', '0243699577', 'info@hanoi.vn', 1),
  (11, 'Tirant Hotel', 'tirant-hotel', 'Hoàn Kiếm', '36-38 Gia Ngư, Hoàn Kiếm, Hà Nội', 21.041208, 105.836903, 4, 1100000, 4.6, 2234, 'View Hồ Gươm từ tầng cao, gần chợ Đồng Xuân.', '["wifi", "breakfast", "parking", "elevator", "gym", "restaurant", "bar", "laundry"]', '0249513433', 'info@tirant.vn', 1),
  (12, 'Solaria Hanoi Hotel', 'solaria-hanoi-hotel', 'Hoàn Kiếm', '37-39 Phan Đình Phùng, Hoàn Kiếm, Hà Nội', 21.037402, 105.875679, 4, 1380000, 4.7, 1675, 'Khách sạn 4 sao thanh lịch phong cách Nhật.', '["wifi", "breakfast", "parking", "elevator", "gym", "restaurant", "bar", "laundry"]', '0247693676', 'info@solaria.vn', 1),
  (13, 'Silk Path Boutique Hanoi', 'silk-path-boutique-hanoi', 'Hoàn Kiếm', '21 Hàng Khay, Hoàn Kiếm, Hà Nội', 21.006007, 105.878529, 4, 1290000, 4.7, 1923, 'Boutique view Hồ Gươm, kiến trúc cổ điển.', '["wifi", "breakfast", "parking", "elevator", "gym", "restaurant", "bar", "laundry"]', '0248708317', 'info@silk.vn', 1),
  (14, 'InterContinental Hanoi Westlake', 'intercontinental-hanoi-westlake', 'Tây Hồ', '5 Từ Hoa, Quảng An, Tây Hồ, Hà Nội', 21.013884, 105.87462, 5, 4200000, 4.8, 2156, 'Resort 5 sao trên Hồ Tây với pavilion độc đáo trên mặt nước.', '["wifi", "breakfast", "parking", "elevator", "gym", "restaurant", "bar", "laundry", "pool", "spa", "concierge", "room_service", "view"]', '0247986872', 'info@intercontinental.vn', 1),
  (15, 'Pan Pacific Hanoi', 'pan-pacific-hanoi', 'Tây Hồ', '1 Thanh Niên, Tây Hồ, Hà Nội', 21.049765, 105.855904, 5, 3100000, 4.7, 1876, 'Khách sạn 5 sao view trọn Hồ Tây và Hồ Trúc Bạch.', '["wifi", "breakfast", "parking", "elevator", "gym", "restaurant", "bar", "laundry", "pool", "spa", "concierge", "room_service", "view"]', '0243471434', 'info@pan.vn', 1),
  (16, 'Sheraton Hanoi Hotel', 'sheraton-hanoi-hotel', 'Tây Hồ', 'K5 Nghi Tàm, 11 Xuân Diệu, Tây Hồ, Hà Nội', 21.007001, 105.869716, 5, 2900000, 4.6, 2543, 'Khách sạn 5 sao bên Hồ Tây với vườn nhiệt đới.', '["wifi", "breakfast", "parking", "elevator", "gym", "restaurant", "bar", "laundry", "pool", "spa", "concierge", "room_service", "view"]', '0243166587', 'info@sheraton.vn', 1),
  (17, 'Hanoi Club Hotel & Lake Palais', 'hanoi-club-hotel-and-lake-palais', 'Tây Hồ', '76 Yên Phụ, Tây Hồ, Hà Nội', 21.064185, 105.815763, 4, 2100000, 4.5, 1342, 'Câu lạc bộ kiêm khách sạn bên hồ với sân tennis.', '["wifi", "breakfast", "parking", "elevator", "gym", "restaurant", "bar", "laundry"]', '0249670546', 'info@hanoi.vn', 1),
  (18, 'Adora Hotel Hanoi', 'adora-hotel-hanoi', 'Tây Hồ', '27 Đặng Thai Mai, Tây Hồ, Hà Nội', 21.027558, 105.836035, 4, 1450000, 4.6, 876, 'Khách sạn boutique yên tĩnh gần Hồ Tây.', '["wifi", "breakfast", "parking", "elevator", "gym", "restaurant", "bar", "laundry"]', '0247065627', 'info@adora.vn', 1),
  (19, 'Fraser Suites Hanoi', 'fraser-suites-hanoi', 'Tây Hồ', '51 Xuân Diệu, Tây Hồ, Hà Nội', 21.035851, 105.86724, 5, 2800000, 4.7, 1456, 'Căn hộ dịch vụ 5 sao cho lưu trú dài hạn.', '["wifi", "breakfast", "parking", "elevator", "gym", "restaurant", "bar", "laundry", "pool", "spa", "concierge", "room_service", "view"]', '0241627204', 'info@fraser.vn', 1),
  (20, 'West Lake Home & Spa', 'west-lake-home-and-spa', 'Tây Hồ', '27 Tô Ngọc Vân, Tây Hồ, Hà Nội', 21.049398, 105.84453, 4, 1250000, 4.8, 1689, 'Boutique homestay phong cách Việt Nam bên Hồ Tây.', '["wifi", "breakfast", "parking", "elevator", "gym", "restaurant", "bar", "laundry"]', '0246417080', 'info@west.vn', 1),
  (21, 'Sunway Hotel Hanoi', 'sunway-hotel-hanoi', 'Tây Hồ', '19 Phạm Đình Hổ, Tây Hồ, Hà Nội', 21.064469, 105.830149, 4, 1320000, 4.5, 1234, 'Khách sạn 4 sao gần khu ngoại giao đoàn.', '["wifi", "breakfast", "parking", "elevator", "gym", "restaurant", "bar", "laundry"]', '0240923271', 'info@sunway.vn', 1),
  (22, 'Maison D''Hanoi Hanova', 'maison-dhanoi-hanova', 'Tây Hồ', '35-37 Hàng Trống, Tây Hồ, Hà Nội', 21.001923, 105.86278, 4, 1180000, 4.6, 1567, 'Khách sạn boutique kiểu Pháp với sân vườn.', '["wifi", "breakfast", "parking", "elevator", "gym", "restaurant", "bar", "laundry"]', '0241241904', 'info@maison.vn', 1),
  (23, 'Lotte Hotel Hanoi', 'lotte-hotel-hanoi', 'Ba Đình', '54 Liễu Giai, Ba Đình, Hà Nội', 21.035868, 105.880646, 5, 4500000, 4.8, 2641, 'Khách sạn cao tầng với hồ bơi vô cực và view 360° toàn thành phố.', '["wifi", "breakfast", "parking", "elevator", "gym", "restaurant", "bar", "laundry", "pool", "spa", "concierge", "room_service", "view"]', '0243149190', 'info@lotte.vn', 1),
  (24, 'Hanoi Daewoo Hotel', 'hanoi-daewoo-hotel', 'Ba Đình', '360 Kim Mã, Ba Đình, Hà Nội', 21.040303, 105.815212, 5, 2200000, 4.6, 1987, 'Khách sạn 5 sao kinh điển với hồ bơi ngoài trời lớn nhất Hà Nội.', '["wifi", "breakfast", "parking", "elevator", "gym", "restaurant", "bar", "laundry", "pool", "spa", "concierge", "room_service", "view"]', '0246716572', 'info@hanoi.vn', 1),
  (25, 'Melia Hanoi', 'melia-hanoi', 'Ba Đình', '44B Lý Thường Kiệt, Ba Đình, Hà Nội', 21.050471, 105.85139, 5, 2700000, 4.7, 2891, 'Khách sạn 5 sao Tây Ban Nha gần Nhà hát Lớn.', '["wifi", "breakfast", "parking", "elevator", "gym", "restaurant", "bar", "laundry", "pool", "spa", "concierge", "room_service", "view"]', '0249453147', 'info@melia.vn', 1),
  (26, 'Pullman Hanoi', 'pullman-hanoi', 'Ba Đình', '40 Cát Linh, Ba Đình, Hà Nội', 20.990796, 105.882276, 5, 2400000, 4.6, 2334, 'Khách sạn 5 sao quốc tế thuộc Accor Group.', '["wifi", "breakfast", "parking", "elevator", "gym", "restaurant", "bar", "laundry", "pool", "spa", "concierge", "room_service", "view"]', '0242735454', 'info@pullman.vn', 1),
  (27, 'Hilton Hanoi Opera', 'hilton-hanoi-opera', 'Ba Đình', '1 Lê Thánh Tông, Ba Đình, Hà Nội', 20.995349, 105.871806, 5, 3200000, 4.8, 3145, 'Khách sạn 5 sao đối diện Nhà hát Lớn Hà Nội.', '["wifi", "breakfast", "parking", "elevator", "gym", "restaurant", "bar", "laundry", "pool", "spa", "concierge", "room_service", "view"]', '0247837770', 'info@hilton.vn', 1),
  (28, 'De L''Opera Hanoi MGallery', 'de-lopera-hanoi-mgallery', 'Ba Đình', '29 Tràng Tiền, Ba Đình, Hà Nội', 21.041617, 105.843722, 5, 2950000, 4.7, 1876, 'Khách sạn boutique 5 sao gần Nhà hát Lớn.', '["wifi", "breakfast", "parking", "elevator", "gym", "restaurant", "bar", "laundry", "pool", "spa", "concierge", "room_service", "view"]', '0248856855', 'info@de.vn', 1),
  (29, 'Hanoi Diamond King Hotel', 'hanoi-diamond-king-hotel', 'Ba Đình', '9 Nguyễn Trường Tộ, Ba Đình, Hà Nội', 20.998152, 105.829607, 4, 980000, 4.4, 743, 'Khách sạn 4 sao gia đình gần Lăng Bác.', '["wifi", "breakfast", "parking", "elevator", "gym", "restaurant", "bar", "laundry"]', '0241823374', 'info@hanoi.vn', 1),
  (30, 'La Belle Vie Hotel', 'la-belle-vie-hotel', 'Ba Đình', '28 Trần Hưng Đạo, Ba Đình, Hà Nội', 21.066941, 105.88081, 4, 1450000, 4.6, 1523, 'Boutique phong cách Pháp gần ga Hà Nội.', '["wifi", "breakfast", "parking", "elevator", "gym", "restaurant", "bar", "laundry"]', '0244352408', 'info@la.vn', 1),
  (31, 'Skyline Hanoi Hotel', 'skyline-hanoi-hotel', 'Ba Đình', '99 Nguyễn Thái Học, Ba Đình, Hà Nội', 21.011871, 105.889727, 4, 1280000, 4.5, 1098, 'Khách sạn 4 sao với nhà hàng rooftop.', '["wifi", "breakfast", "parking", "elevator", "gym", "restaurant", "bar", "laundry"]', '0247109477', 'info@skyline.vn', 1),
  (32, 'Crowne Plaza West Hanoi', 'crowne-plaza-west-hanoi', 'Cầu Giấy', '36 Lê Đức Thọ, Cầu Giấy, Hà Nội', 21.063785, 105.852418, 5, 2100000, 4.6, 1876, 'Khách sạn 5 sao phía Tây Hà Nội với trung tâm hội nghị.', '["wifi", "breakfast", "parking", "elevator", "gym", "restaurant", "bar", "laundry", "pool", "spa", "concierge", "room_service", "view"]', '0241671902', 'info@crowne.vn', 1),
  (33, 'JW Marriott Hotel Hanoi', 'jw-marriott-hotel-hanoi', 'Cầu Giấy', '8 Đỗ Đức Dục, Mễ Trì, Cầu Giấy, Hà Nội', 21.033146, 105.847494, 5, 3800000, 4.8, 3567, 'Khách sạn 5 sao biểu tượng kiến trúc rồng thần thoại.', '["wifi", "breakfast", "parking", "elevator", "gym", "restaurant", "bar", "laundry", "pool", "spa", "concierge", "room_service", "view"]', '0249938677', 'info@jw.vn', 1),
  (34, 'Grand Plaza Hanoi', 'grand-plaza-hanoi', 'Cầu Giấy', '117 Trần Duy Hưng, Cầu Giấy, Hà Nội', 20.993318, 105.891009, 5, 2300000, 4.6, 1789, 'Khách sạn 5 sao Hàn Quốc gần Trung tâm Hội nghị Quốc gia.', '["wifi", "breakfast", "parking", "elevator", "gym", "restaurant", "bar", "laundry", "pool", "spa", "concierge", "room_service", "view"]', '0241334123', 'info@grand.vn', 1),
  (35, 'Movenpick Hanoi Centre', 'movenpick-hanoi-centre', 'Cầu Giấy', '83A Lý Thường Kiệt, Cầu Giấy, Hà Nội', 21.02454, 105.861705, 5, 2500000, 4.7, 1456, 'Khách sạn Thụy Sĩ 5 sao với sô-cô-la hảo hạng.', '["wifi", "breakfast", "parking", "elevator", "gym", "restaurant", "bar", "laundry", "pool", "spa", "concierge", "room_service", "view"]', '0244034471', 'info@movenpick.vn', 1),
  (36, 'Sojo Hotel Cầu Giấy', 'sojo-hotel-cầu-giấy', 'Cầu Giấy', '5 Duy Tân, Cầu Giấy, Hà Nội', 20.997682, 105.832185, 4, 980000, 4.5, 876, 'Khách sạn thông minh không tiếp tân, check-in qua app.', '["wifi", "breakfast", "parking", "elevator", "gym", "restaurant", "bar", "laundry"]', '0242421024', 'info@sojo.vn', 1),
  (37, 'Hanoi Emerald Waters Hotel', 'hanoi-emerald-waters-hotel', 'Cầu Giấy', '47 Lò Sũ, Cầu Giấy, Hà Nội', 21.025996, 105.838527, 4, 890000, 4.5, 1023, 'Khách sạn gia đình 4 sao giá tốt.', '["wifi", "breakfast", "parking", "elevator", "gym", "restaurant", "bar", "laundry"]', '0246488771', 'info@hanoi.vn', 1),
  (38, 'Mường Thanh Grand Xa La', 'mường-thanh-grand-xa-la', 'Long Biên', 'Đường Phúc La, Hà Đông, Long Biên, Hà Nội', 21.008529, 105.821506, 4, 920000, 4.4, 678, 'Khách sạn 4 sao chuỗi Mường Thanh.', '["wifi", "breakfast", "parking", "elevator", "gym", "restaurant", "bar", "laundry"]', '0249904902', 'info@mường.vn', 1),
  (39, 'Long Biên Hotel', 'long-biên-hotel', 'Long Biên', '550 Nguyễn Văn Cừ, Long Biên, Hà Nội', 21.068256, 105.849071, 3, 580000, 4.2, 432, 'Khách sạn 3 sao gần cầu Long Biên lịch sử.', '["wifi", "breakfast", "parking", "elevator"]', '0247175655', 'info@long.vn', 0),
  (40, 'Vinpearl Hotel Imperia', 'vinpearl-hotel-imperia', 'Long Biên', '788 Minh Khai, Long Biên, Hà Nội', 21.021432, 105.853838, 4, 1380000, 4.6, 987, 'Khách sạn cao cấp trong khu phức hợp Times City.', '["wifi", "breakfast", "parking", "elevator", "gym", "restaurant", "bar", "laundry"]', '0246807154', 'info@vinpearl.vn', 1),
  (41, 'Mövenpick Living Westlake', 'mövenpick-living-westlake', 'Hai Bà Trưng', '5 Hai Bà Trưng, Hai Bà Trưng, Hà Nội', 21.041113, 105.857607, 5, 2650000, 4.7, 1234, 'Khách sạn 5 sao Thụy Sĩ phong cách hiện đại.', '["wifi", "breakfast", "parking", "elevator", "gym", "restaurant", "bar", "laundry", "pool", "spa", "concierge", "room_service", "view"]', '0246038597', 'info@mövenpick.vn', 1),
  (42, 'Hanoi Centre Silk Hotel', 'hanoi-centre-silk-hotel', 'Hai Bà Trưng', '94 Trần Hưng Đạo, Hai Bà Trưng, Hà Nội', 20.998981, 105.837242, 4, 1080000, 4.5, 956, 'Khách sạn 4 sao gần ga Hà Nội.', '["wifi", "breakfast", "parking", "elevator", "gym", "restaurant", "bar", "laundry"]', '0247109324', 'info@hanoi.vn', 1),
  (43, 'May De Ville Old Quarter', 'may-de-ville-old-quarter', 'Hai Bà Trưng', '16 Hàng Bún, Hai Bà Trưng, Hà Nội', 21.006476, 105.881512, 4, 870000, 4.6, 1432, 'Khách sạn boutique gần phố cổ.', '["wifi", "breakfast", "parking", "elevator", "gym", "restaurant", "bar", "laundry"]', '0241712748', 'info@may.vn', 1),
  (44, 'Lan Vien Hotel', 'lan-vien-hotel', 'Hai Bà Trưng', 'Hai Bà Trưng, Hai Bà Trưng, Hà Nội', 21.007998, 105.858301, 3, 620000, 4.3, 567, 'Khách sạn 3 sao giá rẻ, sạch sẽ.', '["wifi", "breakfast", "parking", "elevator"]', '0246398214', 'info@lan.vn', 0),
  (45, 'Hanoi Brilliant Hotel & Spa', 'hanoi-brilliant-hotel-and-spa', 'Đống Đa', '32 Phố Huế, Đống Đa, Hà Nội', 21.054144, 105.836827, 4, 1100000, 4.5, 1098, 'Khách sạn 4 sao với spa nổi tiếng.', '["wifi", "breakfast", "parking", "elevator", "gym", "restaurant", "bar", "laundry"]', '0244997278', 'info@hanoi.vn', 1),
  (46, 'Hong Ngoc Cochinchine Hotel', 'hong-ngoc-cochinchine-hotel', 'Đống Đa', '30 Mã Mây, Đống Đa, Hà Nội', 21.018677, 105.888828, 4, 850000, 4.5, 876, 'Khách sạn boutique cổ điển trong phố cổ.', '["wifi", "breakfast", "parking", "elevator", "gym", "restaurant", "bar", "laundry"]', '0243396360', 'info@hong.vn', 1),
  (47, 'Splendora Hotel Hanoi', 'splendora-hotel-hanoi', 'Đống Đa', '143 Tôn Đức Thắng, Đống Đa, Hà Nội', 21.028126, 105.817162, 4, 920000, 4.4, 654, 'Khách sạn 4 sao gần Văn Miếu.', '["wifi", "breakfast", "parking", "elevator", "gym", "restaurant", "bar", "laundry"]', '0248951718', 'info@splendora.vn', 1),
  (48, 'Mường Thanh Luxury Hà Đông', 'mường-thanh-luxury-hà-đông', 'Hà Đông', 'Tô Hiệu, Hà Đông, Hà Nội', 20.994486, 105.876722, 5, 1450000, 4.5, 1234, 'Khách sạn 5 sao chuỗi Mường Thanh phía Tây Nam.', '["wifi", "breakfast", "parking", "elevator", "gym", "restaurant", "bar", "laundry", "pool", "spa", "concierge", "room_service", "view"]', '0244596158', 'info@mường.vn', 1),
  (49, 'Eastin Hotel Hà Đông', 'eastin-hotel-hà-đông', 'Hà Đông', 'Nguyễn Văn Lộc, Hà Đông, Hà Nội', 20.993974, 105.864693, 4, 980000, 4.4, 543, 'Khách sạn 4 sao Thái Lan với hồ bơi ngoài trời.', '["wifi", "breakfast", "parking", "elevator", "gym", "restaurant", "bar", "laundry"]', '0244316117', 'info@eastin.vn', 1),
  (50, 'Hanoi Royal View Hotel', 'hanoi-royal-view-hotel', 'Hoàng Mai', 'Linh Đàm, Hoàng Mai, Hà Nội', 21.052191, 105.837669, 3, 520000, 4.2, 432, 'Khách sạn 3 sao gần khu đô thị Linh Đàm.', '["wifi", "breakfast", "parking", "elevator"]', '0245623869', 'info@hanoi.vn', 0),
  (51, 'Anatole France Hotel', 'anatole-france-hotel', 'Hoàng Mai', '12 Anatole France, Hoàng Mai, Hà Nội', 20.994817, 105.883867, 3, 480000, 4.1, 356, 'Khách sạn bình dân giá tốt, gần ĐH Bách Khoa.', '["wifi", "breakfast", "parking", "elevator"]', '0249379237', 'info@anatole.vn', 0);


INSERT INTO `rooms` (`id`, `hotel_id`, `name`, `description`, `price_per_night`, `capacity`, `available_units`, `image`) VALUES
  (1, 1, 'Phòng Deluxe King', '32m², 1 giường King, view thành phố', 5800000, 2, 7, 'https://images.unsplash.com/photo-1566073771259-6a8506099945?w=800&q=80'),
  (2, 1, 'Phòng Deluxe Twin', '32m², 2 giường đơn, view thành phố', 5800000, 2, 5, 'https://images.unsplash.com/photo-1542314831-068cd1dbfeeb?w=800&q=80'),
  (3, 1, 'Phòng Premium View', '38m², 1 giường King, view đặc biệt', 7830000, 2, 10, 'https://images.unsplash.com/photo-1551882547-ff40c63fe5fa?w=800&q=80'),
  (4, 1, 'Suite Executive', '55m², phòng khách + bồn tắm sục', 11020000, 3, 11, 'https://images.unsplash.com/photo-1582719508461-905c673771fd?w=800&q=80'),
  (5, 1, 'Presidential Suite', '120m², 2 phòng ngủ + phòng họp', 20300000, 4, 9, 'https://images.unsplash.com/photo-1571003123894-1f0594d2b5d9?w=800&q=80'),
  (6, 2, 'Phòng Deluxe King', '32m², 1 giường King, view thành phố', 2400000, 2, 5, 'https://images.unsplash.com/photo-1455587734955-081b22074882?w=800&q=80'),
  (7, 2, 'Phòng Deluxe Twin', '32m², 2 giường đơn, view thành phố', 2400000, 2, 3, 'https://images.unsplash.com/photo-1520250497591-112f2f40a3f4?w=800&q=80'),
  (8, 2, 'Phòng Premium View', '38m², 1 giường King, view đặc biệt', 3240000, 2, 7, 'https://images.unsplash.com/photo-1611892440504-42a792e24d32?w=800&q=80'),
  (9, 2, 'Suite Executive', '55m², phòng khách + bồn tắm sục', 4560000, 3, 8, 'https://images.unsplash.com/photo-1618773928121-c32242e63f39?w=800&q=80'),
  (10, 2, 'Presidential Suite', '120m², 2 phòng ngủ + phòng họp', 8400000, 4, 3, 'https://images.unsplash.com/photo-1631049307264-da0ec9d70304?w=800&q=80'),
  (11, 3, 'Phòng Deluxe Double', '28m², 1 giường King, view phố', 1450000, 2, 5, 'https://images.unsplash.com/photo-1445019980597-93fa8acb246c?w=800&q=80'),
  (12, 3, 'Phòng Deluxe Twin', '30m², 2 giường đơn, view phố', 1450000, 2, 5, 'https://images.unsplash.com/photo-1564501049412-61c2a3083791?w=800&q=80'),
  (13, 3, 'Phòng Premium', '32m², 1 giường King, view đẹp', 1885000, 2, 9, 'https://images.unsplash.com/photo-1566073771259-6a8506099945?w=800&q=80'),
  (14, 3, 'Suite Junior', '45m², phòng khách riêng', 2465000, 3, 3, 'https://images.unsplash.com/photo-1542314831-068cd1dbfeeb?w=800&q=80'),
  (15, 4, 'Phòng Deluxe Double', '28m², 1 giường King, view phố', 850000, 2, 6, 'https://images.unsplash.com/photo-1551882547-ff40c63fe5fa?w=800&q=80'),
  (16, 4, 'Phòng Deluxe Twin', '30m², 2 giường đơn, view phố', 850000, 2, 6, 'https://images.unsplash.com/photo-1582719508461-905c673771fd?w=800&q=80'),
  (17, 4, 'Phòng Premium', '32m², 1 giường King, view đẹp', 1105000, 2, 10, 'https://images.unsplash.com/photo-1571003123894-1f0594d2b5d9?w=800&q=80'),
  (18, 4, 'Suite Junior', '45m², phòng khách riêng', 1445000, 3, 8, 'https://images.unsplash.com/photo-1455587734955-081b22074882?w=800&q=80'),
  (19, 5, 'Phòng Deluxe Double', '28m², 1 giường King, view phố', 1200000, 2, 7, 'https://images.unsplash.com/photo-1520250497591-112f2f40a3f4?w=800&q=80'),
  (20, 5, 'Phòng Deluxe Twin', '30m², 2 giường đơn, view phố', 1200000, 2, 8, 'https://images.unsplash.com/photo-1611892440504-42a792e24d32?w=800&q=80'),
  (21, 5, 'Phòng Premium', '32m², 1 giường King, view đẹp', 1560000, 2, 11, 'https://images.unsplash.com/photo-1618773928121-c32242e63f39?w=800&q=80'),
  (22, 5, 'Suite Junior', '45m², phòng khách riêng', 2040000, 3, 9, 'https://images.unsplash.com/photo-1631049307264-da0ec9d70304?w=800&q=80'),
  (23, 6, 'Phòng Deluxe Double', '28m², 1 giường King, view phố', 1650000, 2, 4, 'https://images.unsplash.com/photo-1445019980597-93fa8acb246c?w=800&q=80'),
  (24, 6, 'Phòng Deluxe Twin', '30m², 2 giường đơn, view phố', 1650000, 2, 12, 'https://images.unsplash.com/photo-1564501049412-61c2a3083791?w=800&q=80'),
  (25, 6, 'Phòng Premium', '32m², 1 giường King, view đẹp', 2145000, 2, 9, 'https://images.unsplash.com/photo-1566073771259-6a8506099945?w=800&q=80'),
  (26, 6, 'Suite Junior', '45m², phòng khách riêng', 2805000, 3, 8, 'https://images.unsplash.com/photo-1542314831-068cd1dbfeeb?w=800&q=80'),
  (27, 7, 'Phòng Deluxe Double', '28m², 1 giường King, view phố', 980000, 2, 9, 'https://images.unsplash.com/photo-1551882547-ff40c63fe5fa?w=800&q=80'),
  (28, 7, 'Phòng Deluxe Twin', '30m², 2 giường đơn, view phố', 980000, 2, 3, 'https://images.unsplash.com/photo-1582719508461-905c673771fd?w=800&q=80'),
  (29, 7, 'Phòng Premium', '32m², 1 giường King, view đẹp', 1274000, 2, 11, 'https://images.unsplash.com/photo-1571003123894-1f0594d2b5d9?w=800&q=80'),
  (30, 7, 'Suite Junior', '45m², phòng khách riêng', 1666000, 3, 11, 'https://images.unsplash.com/photo-1455587734955-081b22074882?w=800&q=80'),
  (31, 8, 'Phòng Deluxe Double', '28m², 1 giường King, view phố', 1320000, 2, 4, 'https://images.unsplash.com/photo-1520250497591-112f2f40a3f4?w=800&q=80'),
  (32, 8, 'Phòng Deluxe Twin', '30m², 2 giường đơn, view phố', 1320000, 2, 7, 'https://images.unsplash.com/photo-1611892440504-42a792e24d32?w=800&q=80'),
  (33, 8, 'Phòng Premium', '32m², 1 giường King, view đẹp', 1716000, 2, 11, 'https://images.unsplash.com/photo-1618773928121-c32242e63f39?w=800&q=80'),
  (34, 8, 'Suite Junior', '45m², phòng khách riêng', 2244000, 3, 7, 'https://images.unsplash.com/photo-1631049307264-da0ec9d70304?w=800&q=80'),
  (35, 9, 'Phòng Deluxe Double', '28m², 1 giường King, view phố', 920000, 2, 12, 'https://images.unsplash.com/photo-1445019980597-93fa8acb246c?w=800&q=80'),
  (36, 9, 'Phòng Deluxe Twin', '30m², 2 giường đơn, view phố', 920000, 2, 7, 'https://images.unsplash.com/photo-1564501049412-61c2a3083791?w=800&q=80'),
  (37, 9, 'Phòng Premium', '32m², 1 giường King, view đẹp', 1196000, 2, 9, 'https://images.unsplash.com/photo-1566073771259-6a8506099945?w=800&q=80'),
  (38, 9, 'Suite Junior', '45m², phòng khách riêng', 1564000, 3, 11, 'https://images.unsplash.com/photo-1542314831-068cd1dbfeeb?w=800&q=80'),
  (39, 10, 'Phòng Deluxe Double', '28m², 1 giường King, view phố', 760000, 2, 6, 'https://images.unsplash.com/photo-1551882547-ff40c63fe5fa?w=800&q=80'),
  (40, 10, 'Phòng Deluxe Twin', '30m², 2 giường đơn, view phố', 760000, 2, 11, 'https://images.unsplash.com/photo-1582719508461-905c673771fd?w=800&q=80'),
  (41, 10, 'Phòng Premium', '32m², 1 giường King, view đẹp', 988000, 2, 10, 'https://images.unsplash.com/photo-1571003123894-1f0594d2b5d9?w=800&q=80'),
  (42, 10, 'Suite Junior', '45m², phòng khách riêng', 1292000, 3, 5, 'https://images.unsplash.com/photo-1455587734955-081b22074882?w=800&q=80'),
  (43, 11, 'Phòng Deluxe Double', '28m², 1 giường King, view phố', 1100000, 2, 3, 'https://images.unsplash.com/photo-1520250497591-112f2f40a3f4?w=800&q=80'),
  (44, 11, 'Phòng Deluxe Twin', '30m², 2 giường đơn, view phố', 1100000, 2, 3, 'https://images.unsplash.com/photo-1611892440504-42a792e24d32?w=800&q=80'),
  (45, 11, 'Phòng Premium', '32m², 1 giường King, view đẹp', 1430000, 2, 6, 'https://images.unsplash.com/photo-1618773928121-c32242e63f39?w=800&q=80'),
  (46, 11, 'Suite Junior', '45m², phòng khách riêng', 1870000, 3, 10, 'https://images.unsplash.com/photo-1631049307264-da0ec9d70304?w=800&q=80'),
  (47, 12, 'Phòng Deluxe Double', '28m², 1 giường King, view phố', 1380000, 2, 5, 'https://images.unsplash.com/photo-1445019980597-93fa8acb246c?w=800&q=80'),
  (48, 12, 'Phòng Deluxe Twin', '30m², 2 giường đơn, view phố', 1380000, 2, 3, 'https://images.unsplash.com/photo-1564501049412-61c2a3083791?w=800&q=80'),
  (49, 12, 'Phòng Premium', '32m², 1 giường King, view đẹp', 1794000, 2, 4, 'https://images.unsplash.com/photo-1566073771259-6a8506099945?w=800&q=80'),
  (50, 12, 'Suite Junior', '45m², phòng khách riêng', 2346000, 3, 9, 'https://images.unsplash.com/photo-1542314831-068cd1dbfeeb?w=800&q=80'),
  (51, 13, 'Phòng Deluxe Double', '28m², 1 giường King, view phố', 1290000, 2, 10, 'https://images.unsplash.com/photo-1551882547-ff40c63fe5fa?w=800&q=80'),
  (52, 13, 'Phòng Deluxe Twin', '30m², 2 giường đơn, view phố', 1290000, 2, 11, 'https://images.unsplash.com/photo-1582719508461-905c673771fd?w=800&q=80'),
  (53, 13, 'Phòng Premium', '32m², 1 giường King, view đẹp', 1677000, 2, 11, 'https://images.unsplash.com/photo-1571003123894-1f0594d2b5d9?w=800&q=80'),
  (54, 13, 'Suite Junior', '45m², phòng khách riêng', 2193000, 3, 12, 'https://images.unsplash.com/photo-1455587734955-081b22074882?w=800&q=80'),
  (55, 14, 'Phòng Deluxe King', '32m², 1 giường King, view thành phố', 4200000, 2, 10, 'https://images.unsplash.com/photo-1520250497591-112f2f40a3f4?w=800&q=80'),
  (56, 14, 'Phòng Deluxe Twin', '32m², 2 giường đơn, view thành phố', 4200000, 2, 10, 'https://images.unsplash.com/photo-1611892440504-42a792e24d32?w=800&q=80'),
  (57, 14, 'Phòng Premium View', '38m², 1 giường King, view đặc biệt', 5670000, 2, 7, 'https://images.unsplash.com/photo-1618773928121-c32242e63f39?w=800&q=80'),
  (58, 14, 'Suite Executive', '55m², phòng khách + bồn tắm sục', 7980000, 3, 6, 'https://images.unsplash.com/photo-1631049307264-da0ec9d70304?w=800&q=80'),
  (59, 14, 'Presidential Suite', '120m², 2 phòng ngủ + phòng họp', 14700000, 4, 7, 'https://images.unsplash.com/photo-1445019980597-93fa8acb246c?w=800&q=80'),
  (60, 15, 'Phòng Deluxe King', '32m², 1 giường King, view thành phố', 3100000, 2, 8, 'https://images.unsplash.com/photo-1564501049412-61c2a3083791?w=800&q=80'),
  (61, 15, 'Phòng Deluxe Twin', '32m², 2 giường đơn, view thành phố', 3100000, 2, 11, 'https://images.unsplash.com/photo-1566073771259-6a8506099945?w=800&q=80'),
  (62, 15, 'Phòng Premium View', '38m², 1 giường King, view đặc biệt', 4185000, 2, 4, 'https://images.unsplash.com/photo-1542314831-068cd1dbfeeb?w=800&q=80'),
  (63, 15, 'Suite Executive', '55m², phòng khách + bồn tắm sục', 5890000, 3, 5, 'https://images.unsplash.com/photo-1551882547-ff40c63fe5fa?w=800&q=80'),
  (64, 15, 'Presidential Suite', '120m², 2 phòng ngủ + phòng họp', 10850000, 4, 5, 'https://images.unsplash.com/photo-1582719508461-905c673771fd?w=800&q=80'),
  (65, 16, 'Phòng Deluxe King', '32m², 1 giường King, view thành phố', 2900000, 2, 3, 'https://images.unsplash.com/photo-1571003123894-1f0594d2b5d9?w=800&q=80'),
  (66, 16, 'Phòng Deluxe Twin', '32m², 2 giường đơn, view thành phố', 2900000, 2, 6, 'https://images.unsplash.com/photo-1455587734955-081b22074882?w=800&q=80'),
  (67, 16, 'Phòng Premium View', '38m², 1 giường King, view đặc biệt', 3915000, 2, 9, 'https://images.unsplash.com/photo-1520250497591-112f2f40a3f4?w=800&q=80'),
  (68, 16, 'Suite Executive', '55m², phòng khách + bồn tắm sục', 5510000, 3, 9, 'https://images.unsplash.com/photo-1611892440504-42a792e24d32?w=800&q=80'),
  (69, 16, 'Presidential Suite', '120m², 2 phòng ngủ + phòng họp', 10150000, 4, 12, 'https://images.unsplash.com/photo-1618773928121-c32242e63f39?w=800&q=80'),
  (70, 17, 'Phòng Deluxe Double', '28m², 1 giường King, view phố', 2100000, 2, 11, 'https://images.unsplash.com/photo-1631049307264-da0ec9d70304?w=800&q=80'),
  (71, 17, 'Phòng Deluxe Twin', '30m², 2 giường đơn, view phố', 2100000, 2, 11, 'https://images.unsplash.com/photo-1445019980597-93fa8acb246c?w=800&q=80'),
  (72, 17, 'Phòng Premium', '32m², 1 giường King, view đẹp', 2730000, 2, 12, 'https://images.unsplash.com/photo-1564501049412-61c2a3083791?w=800&q=80'),
  (73, 17, 'Suite Junior', '45m², phòng khách riêng', 3570000, 3, 6, 'https://images.unsplash.com/photo-1566073771259-6a8506099945?w=800&q=80'),
  (74, 18, 'Phòng Deluxe Double', '28m², 1 giường King, view phố', 1450000, 2, 12, 'https://images.unsplash.com/photo-1542314831-068cd1dbfeeb?w=800&q=80'),
  (75, 18, 'Phòng Deluxe Twin', '30m², 2 giường đơn, view phố', 1450000, 2, 11, 'https://images.unsplash.com/photo-1551882547-ff40c63fe5fa?w=800&q=80'),
  (76, 18, 'Phòng Premium', '32m², 1 giường King, view đẹp', 1885000, 2, 3, 'https://images.unsplash.com/photo-1582719508461-905c673771fd?w=800&q=80'),
  (77, 18, 'Suite Junior', '45m², phòng khách riêng', 2465000, 3, 9, 'https://images.unsplash.com/photo-1571003123894-1f0594d2b5d9?w=800&q=80'),
  (78, 19, 'Phòng Deluxe King', '32m², 1 giường King, view thành phố', 2800000, 2, 8, 'https://images.unsplash.com/photo-1455587734955-081b22074882?w=800&q=80'),
  (79, 19, 'Phòng Deluxe Twin', '32m², 2 giường đơn, view thành phố', 2800000, 2, 6, 'https://images.unsplash.com/photo-1520250497591-112f2f40a3f4?w=800&q=80'),
  (80, 19, 'Phòng Premium View', '38m², 1 giường King, view đặc biệt', 3780000, 2, 10, 'https://images.unsplash.com/photo-1611892440504-42a792e24d32?w=800&q=80'),
  (81, 19, 'Suite Executive', '55m², phòng khách + bồn tắm sục', 5320000, 3, 8, 'https://images.unsplash.com/photo-1618773928121-c32242e63f39?w=800&q=80'),
  (82, 19, 'Presidential Suite', '120m², 2 phòng ngủ + phòng họp', 9800000, 4, 8, 'https://images.unsplash.com/photo-1631049307264-da0ec9d70304?w=800&q=80'),
  (83, 20, 'Phòng Deluxe Double', '28m², 1 giường King, view phố', 1250000, 2, 6, 'https://images.unsplash.com/photo-1445019980597-93fa8acb246c?w=800&q=80'),
  (84, 20, 'Phòng Deluxe Twin', '30m², 2 giường đơn, view phố', 1250000, 2, 4, 'https://images.unsplash.com/photo-1564501049412-61c2a3083791?w=800&q=80'),
  (85, 20, 'Phòng Premium', '32m², 1 giường King, view đẹp', 1625000, 2, 3, 'https://images.unsplash.com/photo-1566073771259-6a8506099945?w=800&q=80'),
  (86, 20, 'Suite Junior', '45m², phòng khách riêng', 2125000, 3, 3, 'https://images.unsplash.com/photo-1542314831-068cd1dbfeeb?w=800&q=80'),
  (87, 21, 'Phòng Deluxe Double', '28m², 1 giường King, view phố', 1320000, 2, 6, 'https://images.unsplash.com/photo-1551882547-ff40c63fe5fa?w=800&q=80'),
  (88, 21, 'Phòng Deluxe Twin', '30m², 2 giường đơn, view phố', 1320000, 2, 10, 'https://images.unsplash.com/photo-1582719508461-905c673771fd?w=800&q=80'),
  (89, 21, 'Phòng Premium', '32m², 1 giường King, view đẹp', 1716000, 2, 7, 'https://images.unsplash.com/photo-1571003123894-1f0594d2b5d9?w=800&q=80'),
  (90, 21, 'Suite Junior', '45m², phòng khách riêng', 2244000, 3, 8, 'https://images.unsplash.com/photo-1455587734955-081b22074882?w=800&q=80'),
  (91, 22, 'Phòng Deluxe Double', '28m², 1 giường King, view phố', 1180000, 2, 9, 'https://images.unsplash.com/photo-1520250497591-112f2f40a3f4?w=800&q=80'),
  (92, 22, 'Phòng Deluxe Twin', '30m², 2 giường đơn, view phố', 1180000, 2, 9, 'https://images.unsplash.com/photo-1611892440504-42a792e24d32?w=800&q=80'),
  (93, 22, 'Phòng Premium', '32m², 1 giường King, view đẹp', 1534000, 2, 6, 'https://images.unsplash.com/photo-1618773928121-c32242e63f39?w=800&q=80'),
  (94, 22, 'Suite Junior', '45m², phòng khách riêng', 2006000, 3, 4, 'https://images.unsplash.com/photo-1631049307264-da0ec9d70304?w=800&q=80'),
  (95, 23, 'Phòng Deluxe King', '32m², 1 giường King, view thành phố', 4500000, 2, 11, 'https://images.unsplash.com/photo-1445019980597-93fa8acb246c?w=800&q=80'),
  (96, 23, 'Phòng Deluxe Twin', '32m², 2 giường đơn, view thành phố', 4500000, 2, 9, 'https://images.unsplash.com/photo-1564501049412-61c2a3083791?w=800&q=80'),
  (97, 23, 'Phòng Premium View', '38m², 1 giường King, view đặc biệt', 6075000, 2, 8, 'https://images.unsplash.com/photo-1566073771259-6a8506099945?w=800&q=80'),
  (98, 23, 'Suite Executive', '55m², phòng khách + bồn tắm sục', 8550000, 3, 4, 'https://images.unsplash.com/photo-1542314831-068cd1dbfeeb?w=800&q=80'),
  (99, 23, 'Presidential Suite', '120m², 2 phòng ngủ + phòng họp', 15750000, 4, 11, 'https://images.unsplash.com/photo-1551882547-ff40c63fe5fa?w=800&q=80'),
  (100, 24, 'Phòng Deluxe King', '32m², 1 giường King, view thành phố', 2200000, 2, 5, 'https://images.unsplash.com/photo-1582719508461-905c673771fd?w=800&q=80'),
  (101, 24, 'Phòng Deluxe Twin', '32m², 2 giường đơn, view thành phố', 2200000, 2, 11, 'https://images.unsplash.com/photo-1571003123894-1f0594d2b5d9?w=800&q=80'),
  (102, 24, 'Phòng Premium View', '38m², 1 giường King, view đặc biệt', 2970000, 2, 7, 'https://images.unsplash.com/photo-1455587734955-081b22074882?w=800&q=80'),
  (103, 24, 'Suite Executive', '55m², phòng khách + bồn tắm sục', 4180000, 3, 12, 'https://images.unsplash.com/photo-1520250497591-112f2f40a3f4?w=800&q=80'),
  (104, 24, 'Presidential Suite', '120m², 2 phòng ngủ + phòng họp', 7700000, 4, 11, 'https://images.unsplash.com/photo-1611892440504-42a792e24d32?w=800&q=80'),
  (105, 25, 'Phòng Deluxe King', '32m², 1 giường King, view thành phố', 2700000, 2, 10, 'https://images.unsplash.com/photo-1618773928121-c32242e63f39?w=800&q=80'),
  (106, 25, 'Phòng Deluxe Twin', '32m², 2 giường đơn, view thành phố', 2700000, 2, 12, 'https://images.unsplash.com/photo-1631049307264-da0ec9d70304?w=800&q=80'),
  (107, 25, 'Phòng Premium View', '38m², 1 giường King, view đặc biệt', 3645000, 2, 12, 'https://images.unsplash.com/photo-1445019980597-93fa8acb246c?w=800&q=80'),
  (108, 25, 'Suite Executive', '55m², phòng khách + bồn tắm sục', 5130000, 3, 9, 'https://images.unsplash.com/photo-1564501049412-61c2a3083791?w=800&q=80'),
  (109, 25, 'Presidential Suite', '120m², 2 phòng ngủ + phòng họp', 9450000, 4, 8, 'https://images.unsplash.com/photo-1566073771259-6a8506099945?w=800&q=80'),
  (110, 26, 'Phòng Deluxe King', '32m², 1 giường King, view thành phố', 2400000, 2, 7, 'https://images.unsplash.com/photo-1542314831-068cd1dbfeeb?w=800&q=80'),
  (111, 26, 'Phòng Deluxe Twin', '32m², 2 giường đơn, view thành phố', 2400000, 2, 11, 'https://images.unsplash.com/photo-1551882547-ff40c63fe5fa?w=800&q=80'),
  (112, 26, 'Phòng Premium View', '38m², 1 giường King, view đặc biệt', 3240000, 2, 3, 'https://images.unsplash.com/photo-1582719508461-905c673771fd?w=800&q=80'),
  (113, 26, 'Suite Executive', '55m², phòng khách + bồn tắm sục', 4560000, 3, 11, 'https://images.unsplash.com/photo-1571003123894-1f0594d2b5d9?w=800&q=80'),
  (114, 26, 'Presidential Suite', '120m², 2 phòng ngủ + phòng họp', 8400000, 4, 6, 'https://images.unsplash.com/photo-1455587734955-081b22074882?w=800&q=80'),
  (115, 27, 'Phòng Deluxe King', '32m², 1 giường King, view thành phố', 3200000, 2, 7, 'https://images.unsplash.com/photo-1520250497591-112f2f40a3f4?w=800&q=80'),
  (116, 27, 'Phòng Deluxe Twin', '32m², 2 giường đơn, view thành phố', 3200000, 2, 6, 'https://images.unsplash.com/photo-1611892440504-42a792e24d32?w=800&q=80'),
  (117, 27, 'Phòng Premium View', '38m², 1 giường King, view đặc biệt', 4320000, 2, 9, 'https://images.unsplash.com/photo-1618773928121-c32242e63f39?w=800&q=80'),
  (118, 27, 'Suite Executive', '55m², phòng khách + bồn tắm sục', 6080000, 3, 6, 'https://images.unsplash.com/photo-1631049307264-da0ec9d70304?w=800&q=80'),
  (119, 27, 'Presidential Suite', '120m², 2 phòng ngủ + phòng họp', 11200000, 4, 7, 'https://images.unsplash.com/photo-1445019980597-93fa8acb246c?w=800&q=80'),
  (120, 28, 'Phòng Deluxe King', '32m², 1 giường King, view thành phố', 2950000, 2, 10, 'https://images.unsplash.com/photo-1564501049412-61c2a3083791?w=800&q=80'),
  (121, 28, 'Phòng Deluxe Twin', '32m², 2 giường đơn, view thành phố', 2950000, 2, 7, 'https://images.unsplash.com/photo-1566073771259-6a8506099945?w=800&q=80'),
  (122, 28, 'Phòng Premium View', '38m², 1 giường King, view đặc biệt', 3982500, 2, 7, 'https://images.unsplash.com/photo-1542314831-068cd1dbfeeb?w=800&q=80'),
  (123, 28, 'Suite Executive', '55m², phòng khách + bồn tắm sục', 5605000, 3, 7, 'https://images.unsplash.com/photo-1551882547-ff40c63fe5fa?w=800&q=80'),
  (124, 28, 'Presidential Suite', '120m², 2 phòng ngủ + phòng họp', 10325000, 4, 6, 'https://images.unsplash.com/photo-1582719508461-905c673771fd?w=800&q=80'),
  (125, 29, 'Phòng Deluxe Double', '28m², 1 giường King, view phố', 980000, 2, 12, 'https://images.unsplash.com/photo-1571003123894-1f0594d2b5d9?w=800&q=80'),
  (126, 29, 'Phòng Deluxe Twin', '30m², 2 giường đơn, view phố', 980000, 2, 11, 'https://images.unsplash.com/photo-1455587734955-081b22074882?w=800&q=80'),
  (127, 29, 'Phòng Premium', '32m², 1 giường King, view đẹp', 1274000, 2, 12, 'https://images.unsplash.com/photo-1520250497591-112f2f40a3f4?w=800&q=80'),
  (128, 29, 'Suite Junior', '45m², phòng khách riêng', 1666000, 3, 7, 'https://images.unsplash.com/photo-1611892440504-42a792e24d32?w=800&q=80'),
  (129, 30, 'Phòng Deluxe Double', '28m², 1 giường King, view phố', 1450000, 2, 7, 'https://images.unsplash.com/photo-1618773928121-c32242e63f39?w=800&q=80'),
  (130, 30, 'Phòng Deluxe Twin', '30m², 2 giường đơn, view phố', 1450000, 2, 3, 'https://images.unsplash.com/photo-1631049307264-da0ec9d70304?w=800&q=80'),
  (131, 30, 'Phòng Premium', '32m², 1 giường King, view đẹp', 1885000, 2, 3, 'https://images.unsplash.com/photo-1445019980597-93fa8acb246c?w=800&q=80'),
  (132, 30, 'Suite Junior', '45m², phòng khách riêng', 2465000, 3, 11, 'https://images.unsplash.com/photo-1564501049412-61c2a3083791?w=800&q=80'),
  (133, 31, 'Phòng Deluxe Double', '28m², 1 giường King, view phố', 1280000, 2, 8, 'https://images.unsplash.com/photo-1566073771259-6a8506099945?w=800&q=80'),
  (134, 31, 'Phòng Deluxe Twin', '30m², 2 giường đơn, view phố', 1280000, 2, 5, 'https://images.unsplash.com/photo-1542314831-068cd1dbfeeb?w=800&q=80'),
  (135, 31, 'Phòng Premium', '32m², 1 giường King, view đẹp', 1664000, 2, 3, 'https://images.unsplash.com/photo-1551882547-ff40c63fe5fa?w=800&q=80'),
  (136, 31, 'Suite Junior', '45m², phòng khách riêng', 2176000, 3, 7, 'https://images.unsplash.com/photo-1582719508461-905c673771fd?w=800&q=80'),
  (137, 32, 'Phòng Deluxe King', '32m², 1 giường King, view thành phố', 2100000, 2, 12, 'https://images.unsplash.com/photo-1571003123894-1f0594d2b5d9?w=800&q=80'),
  (138, 32, 'Phòng Deluxe Twin', '32m², 2 giường đơn, view thành phố', 2100000, 2, 7, 'https://images.unsplash.com/photo-1455587734955-081b22074882?w=800&q=80'),
  (139, 32, 'Phòng Premium View', '38m², 1 giường King, view đặc biệt', 2835000, 2, 4, 'https://images.unsplash.com/photo-1520250497591-112f2f40a3f4?w=800&q=80'),
  (140, 32, 'Suite Executive', '55m², phòng khách + bồn tắm sục', 3990000, 3, 6, 'https://images.unsplash.com/photo-1611892440504-42a792e24d32?w=800&q=80'),
  (141, 32, 'Presidential Suite', '120m², 2 phòng ngủ + phòng họp', 7350000, 4, 4, 'https://images.unsplash.com/photo-1618773928121-c32242e63f39?w=800&q=80'),
  (142, 33, 'Phòng Deluxe King', '32m², 1 giường King, view thành phố', 3800000, 2, 12, 'https://images.unsplash.com/photo-1631049307264-da0ec9d70304?w=800&q=80'),
  (143, 33, 'Phòng Deluxe Twin', '32m², 2 giường đơn, view thành phố', 3800000, 2, 9, 'https://images.unsplash.com/photo-1445019980597-93fa8acb246c?w=800&q=80'),
  (144, 33, 'Phòng Premium View', '38m², 1 giường King, view đặc biệt', 5130000, 2, 7, 'https://images.unsplash.com/photo-1564501049412-61c2a3083791?w=800&q=80'),
  (145, 33, 'Suite Executive', '55m², phòng khách + bồn tắm sục', 7220000, 3, 12, 'https://images.unsplash.com/photo-1566073771259-6a8506099945?w=800&q=80'),
  (146, 33, 'Presidential Suite', '120m², 2 phòng ngủ + phòng họp', 13300000, 4, 12, 'https://images.unsplash.com/photo-1542314831-068cd1dbfeeb?w=800&q=80'),
  (147, 34, 'Phòng Deluxe King', '32m², 1 giường King, view thành phố', 2300000, 2, 11, 'https://images.unsplash.com/photo-1551882547-ff40c63fe5fa?w=800&q=80'),
  (148, 34, 'Phòng Deluxe Twin', '32m², 2 giường đơn, view thành phố', 2300000, 2, 4, 'https://images.unsplash.com/photo-1582719508461-905c673771fd?w=800&q=80'),
  (149, 34, 'Phòng Premium View', '38m², 1 giường King, view đặc biệt', 3105000, 2, 5, 'https://images.unsplash.com/photo-1571003123894-1f0594d2b5d9?w=800&q=80'),
  (150, 34, 'Suite Executive', '55m², phòng khách + bồn tắm sục', 4370000, 3, 3, 'https://images.unsplash.com/photo-1455587734955-081b22074882?w=800&q=80'),
  (151, 34, 'Presidential Suite', '120m², 2 phòng ngủ + phòng họp', 8050000, 4, 9, 'https://images.unsplash.com/photo-1520250497591-112f2f40a3f4?w=800&q=80'),
  (152, 35, 'Phòng Deluxe King', '32m², 1 giường King, view thành phố', 2500000, 2, 6, 'https://images.unsplash.com/photo-1611892440504-42a792e24d32?w=800&q=80'),
  (153, 35, 'Phòng Deluxe Twin', '32m², 2 giường đơn, view thành phố', 2500000, 2, 7, 'https://images.unsplash.com/photo-1618773928121-c32242e63f39?w=800&q=80'),
  (154, 35, 'Phòng Premium View', '38m², 1 giường King, view đặc biệt', 3375000, 2, 12, 'https://images.unsplash.com/photo-1631049307264-da0ec9d70304?w=800&q=80'),
  (155, 35, 'Suite Executive', '55m², phòng khách + bồn tắm sục', 4750000, 3, 6, 'https://images.unsplash.com/photo-1445019980597-93fa8acb246c?w=800&q=80'),
  (156, 35, 'Presidential Suite', '120m², 2 phòng ngủ + phòng họp', 8750000, 4, 9, 'https://images.unsplash.com/photo-1564501049412-61c2a3083791?w=800&q=80'),
  (157, 36, 'Phòng Deluxe Double', '28m², 1 giường King, view phố', 980000, 2, 12, 'https://images.unsplash.com/photo-1566073771259-6a8506099945?w=800&q=80'),
  (158, 36, 'Phòng Deluxe Twin', '30m², 2 giường đơn, view phố', 980000, 2, 7, 'https://images.unsplash.com/photo-1542314831-068cd1dbfeeb?w=800&q=80'),
  (159, 36, 'Phòng Premium', '32m², 1 giường King, view đẹp', 1274000, 2, 10, 'https://images.unsplash.com/photo-1551882547-ff40c63fe5fa?w=800&q=80'),
  (160, 36, 'Suite Junior', '45m², phòng khách riêng', 1666000, 3, 4, 'https://images.unsplash.com/photo-1582719508461-905c673771fd?w=800&q=80'),
  (161, 37, 'Phòng Deluxe Double', '28m², 1 giường King, view phố', 890000, 2, 3, 'https://images.unsplash.com/photo-1571003123894-1f0594d2b5d9?w=800&q=80'),
  (162, 37, 'Phòng Deluxe Twin', '30m², 2 giường đơn, view phố', 890000, 2, 9, 'https://images.unsplash.com/photo-1455587734955-081b22074882?w=800&q=80'),
  (163, 37, 'Phòng Premium', '32m², 1 giường King, view đẹp', 1157000, 2, 8, 'https://images.unsplash.com/photo-1520250497591-112f2f40a3f4?w=800&q=80'),
  (164, 37, 'Suite Junior', '45m², phòng khách riêng', 1513000, 3, 12, 'https://images.unsplash.com/photo-1611892440504-42a792e24d32?w=800&q=80'),
  (165, 38, 'Phòng Deluxe Double', '28m², 1 giường King, view phố', 920000, 2, 11, 'https://images.unsplash.com/photo-1618773928121-c32242e63f39?w=800&q=80'),
  (166, 38, 'Phòng Deluxe Twin', '30m², 2 giường đơn, view phố', 920000, 2, 10, 'https://images.unsplash.com/photo-1631049307264-da0ec9d70304?w=800&q=80'),
  (167, 38, 'Phòng Premium', '32m², 1 giường King, view đẹp', 1196000, 2, 7, 'https://images.unsplash.com/photo-1445019980597-93fa8acb246c?w=800&q=80'),
  (168, 38, 'Suite Junior', '45m², phòng khách riêng', 1564000, 3, 5, 'https://images.unsplash.com/photo-1564501049412-61c2a3083791?w=800&q=80'),
  (169, 39, 'Phòng Standard Double', '20m², 1 giường đôi, view nội khu', 580000, 2, 4, 'https://images.unsplash.com/photo-1566073771259-6a8506099945?w=800&q=80'),
  (170, 39, 'Phòng Standard Twin', '22m², 2 giường đơn, view nội khu', 609000, 2, 5, 'https://images.unsplash.com/photo-1542314831-068cd1dbfeeb?w=800&q=80'),
  (171, 39, 'Phòng Superior', '25m², 1 giường đôi, view phố', 725000, 2, 8, 'https://images.unsplash.com/photo-1551882547-ff40c63fe5fa?w=800&q=80'),
  (172, 40, 'Phòng Deluxe Double', '28m², 1 giường King, view phố', 1380000, 2, 4, 'https://images.unsplash.com/photo-1582719508461-905c673771fd?w=800&q=80'),
  (173, 40, 'Phòng Deluxe Twin', '30m², 2 giường đơn, view phố', 1380000, 2, 9, 'https://images.unsplash.com/photo-1571003123894-1f0594d2b5d9?w=800&q=80'),
  (174, 40, 'Phòng Premium', '32m², 1 giường King, view đẹp', 1794000, 2, 11, 'https://images.unsplash.com/photo-1455587734955-081b22074882?w=800&q=80'),
  (175, 40, 'Suite Junior', '45m², phòng khách riêng', 2346000, 3, 3, 'https://images.unsplash.com/photo-1520250497591-112f2f40a3f4?w=800&q=80'),
  (176, 41, 'Phòng Deluxe King', '32m², 1 giường King, view thành phố', 2650000, 2, 10, 'https://images.unsplash.com/photo-1611892440504-42a792e24d32?w=800&q=80'),
  (177, 41, 'Phòng Deluxe Twin', '32m², 2 giường đơn, view thành phố', 2650000, 2, 3, 'https://images.unsplash.com/photo-1618773928121-c32242e63f39?w=800&q=80'),
  (178, 41, 'Phòng Premium View', '38m², 1 giường King, view đặc biệt', 3577500, 2, 6, 'https://images.unsplash.com/photo-1631049307264-da0ec9d70304?w=800&q=80'),
  (179, 41, 'Suite Executive', '55m², phòng khách + bồn tắm sục', 5035000, 3, 7, 'https://images.unsplash.com/photo-1445019980597-93fa8acb246c?w=800&q=80'),
  (180, 41, 'Presidential Suite', '120m², 2 phòng ngủ + phòng họp', 9275000, 4, 11, 'https://images.unsplash.com/photo-1564501049412-61c2a3083791?w=800&q=80'),
  (181, 42, 'Phòng Deluxe Double', '28m², 1 giường King, view phố', 1080000, 2, 3, 'https://images.unsplash.com/photo-1566073771259-6a8506099945?w=800&q=80'),
  (182, 42, 'Phòng Deluxe Twin', '30m², 2 giường đơn, view phố', 1080000, 2, 11, 'https://images.unsplash.com/photo-1542314831-068cd1dbfeeb?w=800&q=80'),
  (183, 42, 'Phòng Premium', '32m², 1 giường King, view đẹp', 1404000, 2, 9, 'https://images.unsplash.com/photo-1551882547-ff40c63fe5fa?w=800&q=80'),
  (184, 42, 'Suite Junior', '45m², phòng khách riêng', 1836000, 3, 4, 'https://images.unsplash.com/photo-1582719508461-905c673771fd?w=800&q=80'),
  (185, 43, 'Phòng Deluxe Double', '28m², 1 giường King, view phố', 870000, 2, 7, 'https://images.unsplash.com/photo-1571003123894-1f0594d2b5d9?w=800&q=80'),
  (186, 43, 'Phòng Deluxe Twin', '30m², 2 giường đơn, view phố', 870000, 2, 9, 'https://images.unsplash.com/photo-1455587734955-081b22074882?w=800&q=80'),
  (187, 43, 'Phòng Premium', '32m², 1 giường King, view đẹp', 1131000, 2, 10, 'https://images.unsplash.com/photo-1520250497591-112f2f40a3f4?w=800&q=80'),
  (188, 43, 'Suite Junior', '45m², phòng khách riêng', 1479000, 3, 10, 'https://images.unsplash.com/photo-1611892440504-42a792e24d32?w=800&q=80'),
  (189, 44, 'Phòng Standard Double', '20m², 1 giường đôi, view nội khu', 620000, 2, 8, 'https://images.unsplash.com/photo-1618773928121-c32242e63f39?w=800&q=80'),
  (190, 44, 'Phòng Standard Twin', '22m², 2 giường đơn, view nội khu', 651000, 2, 11, 'https://images.unsplash.com/photo-1631049307264-da0ec9d70304?w=800&q=80'),
  (191, 44, 'Phòng Superior', '25m², 1 giường đôi, view phố', 775000, 2, 7, 'https://images.unsplash.com/photo-1445019980597-93fa8acb246c?w=800&q=80'),
  (192, 45, 'Phòng Deluxe Double', '28m², 1 giường King, view phố', 1100000, 2, 8, 'https://images.unsplash.com/photo-1564501049412-61c2a3083791?w=800&q=80'),
  (193, 45, 'Phòng Deluxe Twin', '30m², 2 giường đơn, view phố', 1100000, 2, 8, 'https://images.unsplash.com/photo-1566073771259-6a8506099945?w=800&q=80'),
  (194, 45, 'Phòng Premium', '32m², 1 giường King, view đẹp', 1430000, 2, 11, 'https://images.unsplash.com/photo-1542314831-068cd1dbfeeb?w=800&q=80'),
  (195, 45, 'Suite Junior', '45m², phòng khách riêng', 1870000, 3, 11, 'https://images.unsplash.com/photo-1551882547-ff40c63fe5fa?w=800&q=80'),
  (196, 46, 'Phòng Deluxe Double', '28m², 1 giường King, view phố', 850000, 2, 10, 'https://images.unsplash.com/photo-1582719508461-905c673771fd?w=800&q=80'),
  (197, 46, 'Phòng Deluxe Twin', '30m², 2 giường đơn, view phố', 850000, 2, 9, 'https://images.unsplash.com/photo-1571003123894-1f0594d2b5d9?w=800&q=80'),
  (198, 46, 'Phòng Premium', '32m², 1 giường King, view đẹp', 1105000, 2, 9, 'https://images.unsplash.com/photo-1455587734955-081b22074882?w=800&q=80'),
  (199, 46, 'Suite Junior', '45m², phòng khách riêng', 1445000, 3, 5, 'https://images.unsplash.com/photo-1520250497591-112f2f40a3f4?w=800&q=80'),
  (200, 47, 'Phòng Deluxe Double', '28m², 1 giường King, view phố', 920000, 2, 3, 'https://images.unsplash.com/photo-1611892440504-42a792e24d32?w=800&q=80'),
  (201, 47, 'Phòng Deluxe Twin', '30m², 2 giường đơn, view phố', 920000, 2, 5, 'https://images.unsplash.com/photo-1618773928121-c32242e63f39?w=800&q=80'),
  (202, 47, 'Phòng Premium', '32m², 1 giường King, view đẹp', 1196000, 2, 9, 'https://images.unsplash.com/photo-1631049307264-da0ec9d70304?w=800&q=80'),
  (203, 47, 'Suite Junior', '45m², phòng khách riêng', 1564000, 3, 5, 'https://images.unsplash.com/photo-1445019980597-93fa8acb246c?w=800&q=80'),
  (204, 48, 'Phòng Deluxe King', '32m², 1 giường King, view thành phố', 1450000, 2, 8, 'https://images.unsplash.com/photo-1564501049412-61c2a3083791?w=800&q=80'),
  (205, 48, 'Phòng Deluxe Twin', '32m², 2 giường đơn, view thành phố', 1450000, 2, 10, 'https://images.unsplash.com/photo-1566073771259-6a8506099945?w=800&q=80'),
  (206, 48, 'Phòng Premium View', '38m², 1 giường King, view đặc biệt', 1957500, 2, 11, 'https://images.unsplash.com/photo-1542314831-068cd1dbfeeb?w=800&q=80'),
  (207, 48, 'Suite Executive', '55m², phòng khách + bồn tắm sục', 2755000, 3, 3, 'https://images.unsplash.com/photo-1551882547-ff40c63fe5fa?w=800&q=80'),
  (208, 48, 'Presidential Suite', '120m², 2 phòng ngủ + phòng họp', 5075000, 4, 12, 'https://images.unsplash.com/photo-1582719508461-905c673771fd?w=800&q=80'),
  (209, 49, 'Phòng Deluxe Double', '28m², 1 giường King, view phố', 980000, 2, 7, 'https://images.unsplash.com/photo-1571003123894-1f0594d2b5d9?w=800&q=80'),
  (210, 49, 'Phòng Deluxe Twin', '30m², 2 giường đơn, view phố', 980000, 2, 3, 'https://images.unsplash.com/photo-1455587734955-081b22074882?w=800&q=80'),
  (211, 49, 'Phòng Premium', '32m², 1 giường King, view đẹp', 1274000, 2, 3, 'https://images.unsplash.com/photo-1520250497591-112f2f40a3f4?w=800&q=80'),
  (212, 49, 'Suite Junior', '45m², phòng khách riêng', 1666000, 3, 8, 'https://images.unsplash.com/photo-1611892440504-42a792e24d32?w=800&q=80'),
  (213, 50, 'Phòng Standard Double', '20m², 1 giường đôi, view nội khu', 520000, 2, 5, 'https://images.unsplash.com/photo-1618773928121-c32242e63f39?w=800&q=80'),
  (214, 50, 'Phòng Standard Twin', '22m², 2 giường đơn, view nội khu', 546000, 2, 5, 'https://images.unsplash.com/photo-1631049307264-da0ec9d70304?w=800&q=80'),
  (215, 50, 'Phòng Superior', '25m², 1 giường đôi, view phố', 650000, 2, 5, 'https://images.unsplash.com/photo-1445019980597-93fa8acb246c?w=800&q=80'),
  (216, 51, 'Phòng Standard Double', '20m², 1 giường đôi, view nội khu', 480000, 2, 7, 'https://images.unsplash.com/photo-1564501049412-61c2a3083791?w=800&q=80'),
  (217, 51, 'Phòng Standard Twin', '22m², 2 giường đơn, view nội khu', 504000, 2, 10, 'https://images.unsplash.com/photo-1566073771259-6a8506099945?w=800&q=80'),
  (218, 51, 'Phòng Superior', '25m², 1 giường đôi, view phố', 600000, 2, 7, 'https://images.unsplash.com/photo-1542314831-068cd1dbfeeb?w=800&q=80');


INSERT INTO `hotel_images` (`id`, `hotel_id`, `url`, `caption`, `is_primary`) VALUES
  (1, 1, 'https://images.unsplash.com/photo-1551882547-ff40c63fe5fa?w=1200&q=80&sig=10', 'Mặt tiền khách sạn', 1),
  (2, 1, 'https://images.unsplash.com/photo-1582719508461-905c673771fd?w=1200&q=80&sig=11', 'Sảnh lễ tân', 0),
  (3, 1, 'https://images.unsplash.com/photo-1571003123894-1f0594d2b5d9?w=1200&q=80&sig=12', 'Phòng ngủ', 0),
  (4, 1, 'https://images.unsplash.com/photo-1455587734955-081b22074882?w=1200&q=80&sig=13', 'Hồ bơi', 0),
  (5, 1, 'https://images.unsplash.com/photo-1520250497591-112f2f40a3f4?w=1200&q=80&sig=14', 'Nhà hàng', 0),
  (6, 2, 'https://images.unsplash.com/photo-1455587734955-081b22074882?w=1200&q=80&sig=20', 'Mặt tiền khách sạn', 1),
  (7, 2, 'https://images.unsplash.com/photo-1520250497591-112f2f40a3f4?w=1200&q=80&sig=21', 'Sảnh lễ tân', 0),
  (8, 2, 'https://images.unsplash.com/photo-1611892440504-42a792e24d32?w=1200&q=80&sig=22', 'Phòng ngủ', 0),
  (9, 2, 'https://images.unsplash.com/photo-1618773928121-c32242e63f39?w=1200&q=80&sig=23', 'Hồ bơi', 0),
  (10, 3, 'https://images.unsplash.com/photo-1618773928121-c32242e63f39?w=1200&q=80&sig=30', 'Mặt tiền khách sạn', 1),
  (11, 3, 'https://images.unsplash.com/photo-1631049307264-da0ec9d70304?w=1200&q=80&sig=31', 'Sảnh lễ tân', 0),
  (12, 3, 'https://images.unsplash.com/photo-1445019980597-93fa8acb246c?w=1200&q=80&sig=32', 'Phòng ngủ', 0),
  (13, 4, 'https://images.unsplash.com/photo-1564501049412-61c2a3083791?w=1200&q=80&sig=40', 'Mặt tiền khách sạn', 1),
  (14, 4, 'https://images.unsplash.com/photo-1566073771259-6a8506099945?w=1200&q=80&sig=41', 'Sảnh lễ tân', 0),
  (15, 4, 'https://images.unsplash.com/photo-1542314831-068cd1dbfeeb?w=1200&q=80&sig=42', 'Phòng ngủ', 0),
  (16, 4, 'https://images.unsplash.com/photo-1551882547-ff40c63fe5fa?w=1200&q=80&sig=43', 'Hồ bơi', 0),
  (17, 5, 'https://images.unsplash.com/photo-1551882547-ff40c63fe5fa?w=1200&q=80&sig=50', 'Mặt tiền khách sạn', 1),
  (18, 5, 'https://images.unsplash.com/photo-1582719508461-905c673771fd?w=1200&q=80&sig=51', 'Sảnh lễ tân', 0),
  (19, 5, 'https://images.unsplash.com/photo-1571003123894-1f0594d2b5d9?w=1200&q=80&sig=52', 'Phòng ngủ', 0),
  (20, 6, 'https://images.unsplash.com/photo-1455587734955-081b22074882?w=1200&q=80&sig=60', 'Mặt tiền khách sạn', 1),
  (21, 6, 'https://images.unsplash.com/photo-1520250497591-112f2f40a3f4?w=1200&q=80&sig=61', 'Sảnh lễ tân', 0),
  (22, 6, 'https://images.unsplash.com/photo-1611892440504-42a792e24d32?w=1200&q=80&sig=62', 'Phòng ngủ', 0),
  (23, 7, 'https://images.unsplash.com/photo-1618773928121-c32242e63f39?w=1200&q=80&sig=70', 'Mặt tiền khách sạn', 1),
  (24, 7, 'https://images.unsplash.com/photo-1631049307264-da0ec9d70304?w=1200&q=80&sig=71', 'Sảnh lễ tân', 0),
  (25, 7, 'https://images.unsplash.com/photo-1445019980597-93fa8acb246c?w=1200&q=80&sig=72', 'Phòng ngủ', 0),
  (26, 8, 'https://images.unsplash.com/photo-1564501049412-61c2a3083791?w=1200&q=80&sig=80', 'Mặt tiền khách sạn', 1),
  (27, 8, 'https://images.unsplash.com/photo-1566073771259-6a8506099945?w=1200&q=80&sig=81', 'Sảnh lễ tân', 0),
  (28, 8, 'https://images.unsplash.com/photo-1542314831-068cd1dbfeeb?w=1200&q=80&sig=82', 'Phòng ngủ', 0),
  (29, 8, 'https://images.unsplash.com/photo-1551882547-ff40c63fe5fa?w=1200&q=80&sig=83', 'Hồ bơi', 0),
  (30, 8, 'https://images.unsplash.com/photo-1582719508461-905c673771fd?w=1200&q=80&sig=84', 'Nhà hàng', 0),
  (31, 9, 'https://images.unsplash.com/photo-1551882547-ff40c63fe5fa?w=1200&q=80&sig=90', 'Mặt tiền khách sạn', 1),
  (32, 9, 'https://images.unsplash.com/photo-1582719508461-905c673771fd?w=1200&q=80&sig=91', 'Sảnh lễ tân', 0),
  (33, 9, 'https://images.unsplash.com/photo-1571003123894-1f0594d2b5d9?w=1200&q=80&sig=92', 'Phòng ngủ', 0),
  (34, 9, 'https://images.unsplash.com/photo-1455587734955-081b22074882?w=1200&q=80&sig=93', 'Hồ bơi', 0),
  (35, 9, 'https://images.unsplash.com/photo-1520250497591-112f2f40a3f4?w=1200&q=80&sig=94', 'Nhà hàng', 0),
  (36, 10, 'https://images.unsplash.com/photo-1455587734955-081b22074882?w=1200&q=80&sig=100', 'Mặt tiền khách sạn', 1),
  (37, 10, 'https://images.unsplash.com/photo-1520250497591-112f2f40a3f4?w=1200&q=80&sig=101', 'Sảnh lễ tân', 0),
  (38, 10, 'https://images.unsplash.com/photo-1611892440504-42a792e24d32?w=1200&q=80&sig=102', 'Phòng ngủ', 0),
  (39, 10, 'https://images.unsplash.com/photo-1618773928121-c32242e63f39?w=1200&q=80&sig=103', 'Hồ bơi', 0),
  (40, 11, 'https://images.unsplash.com/photo-1618773928121-c32242e63f39?w=1200&q=80&sig=110', 'Mặt tiền khách sạn', 1),
  (41, 11, 'https://images.unsplash.com/photo-1631049307264-da0ec9d70304?w=1200&q=80&sig=111', 'Sảnh lễ tân', 0),
  (42, 11, 'https://images.unsplash.com/photo-1445019980597-93fa8acb246c?w=1200&q=80&sig=112', 'Phòng ngủ', 0),
  (43, 12, 'https://images.unsplash.com/photo-1564501049412-61c2a3083791?w=1200&q=80&sig=120', 'Mặt tiền khách sạn', 1),
  (44, 12, 'https://images.unsplash.com/photo-1566073771259-6a8506099945?w=1200&q=80&sig=121', 'Sảnh lễ tân', 0),
  (45, 12, 'https://images.unsplash.com/photo-1542314831-068cd1dbfeeb?w=1200&q=80&sig=122', 'Phòng ngủ', 0),
  (46, 13, 'https://images.unsplash.com/photo-1551882547-ff40c63fe5fa?w=1200&q=80&sig=130', 'Mặt tiền khách sạn', 1),
  (47, 13, 'https://images.unsplash.com/photo-1582719508461-905c673771fd?w=1200&q=80&sig=131', 'Sảnh lễ tân', 0),
  (48, 13, 'https://images.unsplash.com/photo-1571003123894-1f0594d2b5d9?w=1200&q=80&sig=132', 'Phòng ngủ', 0),
  (49, 14, 'https://images.unsplash.com/photo-1455587734955-081b22074882?w=1200&q=80&sig=140', 'Mặt tiền khách sạn', 1),
  (50, 14, 'https://images.unsplash.com/photo-1520250497591-112f2f40a3f4?w=1200&q=80&sig=141', 'Sảnh lễ tân', 0),
  (51, 14, 'https://images.unsplash.com/photo-1611892440504-42a792e24d32?w=1200&q=80&sig=142', 'Phòng ngủ', 0),
  (52, 14, 'https://images.unsplash.com/photo-1618773928121-c32242e63f39?w=1200&q=80&sig=143', 'Hồ bơi', 0),
  (53, 14, 'https://images.unsplash.com/photo-1631049307264-da0ec9d70304?w=1200&q=80&sig=144', 'Nhà hàng', 0),
  (54, 15, 'https://images.unsplash.com/photo-1618773928121-c32242e63f39?w=1200&q=80&sig=150', 'Mặt tiền khách sạn', 1),
  (55, 15, 'https://images.unsplash.com/photo-1631049307264-da0ec9d70304?w=1200&q=80&sig=151', 'Sảnh lễ tân', 0),
  (56, 15, 'https://images.unsplash.com/photo-1445019980597-93fa8acb246c?w=1200&q=80&sig=152', 'Phòng ngủ', 0),
  (57, 15, 'https://images.unsplash.com/photo-1564501049412-61c2a3083791?w=1200&q=80&sig=153', 'Hồ bơi', 0),
  (58, 16, 'https://images.unsplash.com/photo-1564501049412-61c2a3083791?w=1200&q=80&sig=160', 'Mặt tiền khách sạn', 1),
  (59, 16, 'https://images.unsplash.com/photo-1566073771259-6a8506099945?w=1200&q=80&sig=161', 'Sảnh lễ tân', 0),
  (60, 16, 'https://images.unsplash.com/photo-1542314831-068cd1dbfeeb?w=1200&q=80&sig=162', 'Phòng ngủ', 0),
  (61, 16, 'https://images.unsplash.com/photo-1551882547-ff40c63fe5fa?w=1200&q=80&sig=163', 'Hồ bơi', 0),
  (62, 17, 'https://images.unsplash.com/photo-1551882547-ff40c63fe5fa?w=1200&q=80&sig=170', 'Mặt tiền khách sạn', 1),
  (63, 17, 'https://images.unsplash.com/photo-1582719508461-905c673771fd?w=1200&q=80&sig=171', 'Sảnh lễ tân', 0),
  (64, 17, 'https://images.unsplash.com/photo-1571003123894-1f0594d2b5d9?w=1200&q=80&sig=172', 'Phòng ngủ', 0),
  (65, 17, 'https://images.unsplash.com/photo-1455587734955-081b22074882?w=1200&q=80&sig=173', 'Hồ bơi', 0),
  (66, 18, 'https://images.unsplash.com/photo-1455587734955-081b22074882?w=1200&q=80&sig=180', 'Mặt tiền khách sạn', 1),
  (67, 18, 'https://images.unsplash.com/photo-1520250497591-112f2f40a3f4?w=1200&q=80&sig=181', 'Sảnh lễ tân', 0),
  (68, 18, 'https://images.unsplash.com/photo-1611892440504-42a792e24d32?w=1200&q=80&sig=182', 'Phòng ngủ', 0),
  (69, 19, 'https://images.unsplash.com/photo-1618773928121-c32242e63f39?w=1200&q=80&sig=190', 'Mặt tiền khách sạn', 1),
  (70, 19, 'https://images.unsplash.com/photo-1631049307264-da0ec9d70304?w=1200&q=80&sig=191', 'Sảnh lễ tân', 0),
  (71, 19, 'https://images.unsplash.com/photo-1445019980597-93fa8acb246c?w=1200&q=80&sig=192', 'Phòng ngủ', 0),
  (72, 19, 'https://images.unsplash.com/photo-1564501049412-61c2a3083791?w=1200&q=80&sig=193', 'Hồ bơi', 0),
  (73, 20, 'https://images.unsplash.com/photo-1564501049412-61c2a3083791?w=1200&q=80&sig=200', 'Mặt tiền khách sạn', 1),
  (74, 20, 'https://images.unsplash.com/photo-1566073771259-6a8506099945?w=1200&q=80&sig=201', 'Sảnh lễ tân', 0),
  (75, 20, 'https://images.unsplash.com/photo-1542314831-068cd1dbfeeb?w=1200&q=80&sig=202', 'Phòng ngủ', 0),
  (76, 20, 'https://images.unsplash.com/photo-1551882547-ff40c63fe5fa?w=1200&q=80&sig=203', 'Hồ bơi', 0),
  (77, 21, 'https://images.unsplash.com/photo-1551882547-ff40c63fe5fa?w=1200&q=80&sig=210', 'Mặt tiền khách sạn', 1),
  (78, 21, 'https://images.unsplash.com/photo-1582719508461-905c673771fd?w=1200&q=80&sig=211', 'Sảnh lễ tân', 0),
  (79, 21, 'https://images.unsplash.com/photo-1571003123894-1f0594d2b5d9?w=1200&q=80&sig=212', 'Phòng ngủ', 0),
  (80, 21, 'https://images.unsplash.com/photo-1455587734955-081b22074882?w=1200&q=80&sig=213', 'Hồ bơi', 0),
  (81, 21, 'https://images.unsplash.com/photo-1520250497591-112f2f40a3f4?w=1200&q=80&sig=214', 'Nhà hàng', 0),
  (82, 22, 'https://images.unsplash.com/photo-1455587734955-081b22074882?w=1200&q=80&sig=220', 'Mặt tiền khách sạn', 1),
  (83, 22, 'https://images.unsplash.com/photo-1520250497591-112f2f40a3f4?w=1200&q=80&sig=221', 'Sảnh lễ tân', 0),
  (84, 22, 'https://images.unsplash.com/photo-1611892440504-42a792e24d32?w=1200&q=80&sig=222', 'Phòng ngủ', 0),
  (85, 22, 'https://images.unsplash.com/photo-1618773928121-c32242e63f39?w=1200&q=80&sig=223', 'Hồ bơi', 0),
  (86, 22, 'https://images.unsplash.com/photo-1631049307264-da0ec9d70304?w=1200&q=80&sig=224', 'Nhà hàng', 0),
  (87, 23, 'https://images.unsplash.com/photo-1618773928121-c32242e63f39?w=1200&q=80&sig=230', 'Mặt tiền khách sạn', 1),
  (88, 23, 'https://images.unsplash.com/photo-1631049307264-da0ec9d70304?w=1200&q=80&sig=231', 'Sảnh lễ tân', 0),
  (89, 23, 'https://images.unsplash.com/photo-1445019980597-93fa8acb246c?w=1200&q=80&sig=232', 'Phòng ngủ', 0),
  (90, 23, 'https://images.unsplash.com/photo-1564501049412-61c2a3083791?w=1200&q=80&sig=233', 'Hồ bơi', 0),
  (91, 24, 'https://images.unsplash.com/photo-1564501049412-61c2a3083791?w=1200&q=80&sig=240', 'Mặt tiền khách sạn', 1),
  (92, 24, 'https://images.unsplash.com/photo-1566073771259-6a8506099945?w=1200&q=80&sig=241', 'Sảnh lễ tân', 0),
  (93, 24, 'https://images.unsplash.com/photo-1542314831-068cd1dbfeeb?w=1200&q=80&sig=242', 'Phòng ngủ', 0),
  (94, 24, 'https://images.unsplash.com/photo-1551882547-ff40c63fe5fa?w=1200&q=80&sig=243', 'Hồ bơi', 0),
  (95, 25, 'https://images.unsplash.com/photo-1551882547-ff40c63fe5fa?w=1200&q=80&sig=250', 'Mặt tiền khách sạn', 1),
  (96, 25, 'https://images.unsplash.com/photo-1582719508461-905c673771fd?w=1200&q=80&sig=251', 'Sảnh lễ tân', 0),
  (97, 25, 'https://images.unsplash.com/photo-1571003123894-1f0594d2b5d9?w=1200&q=80&sig=252', 'Phòng ngủ', 0),
  (98, 26, 'https://images.unsplash.com/photo-1455587734955-081b22074882?w=1200&q=80&sig=260', 'Mặt tiền khách sạn', 1),
  (99, 26, 'https://images.unsplash.com/photo-1520250497591-112f2f40a3f4?w=1200&q=80&sig=261', 'Sảnh lễ tân', 0),
  (100, 26, 'https://images.unsplash.com/photo-1611892440504-42a792e24d32?w=1200&q=80&sig=262', 'Phòng ngủ', 0),
  (101, 26, 'https://images.unsplash.com/photo-1618773928121-c32242e63f39?w=1200&q=80&sig=263', 'Hồ bơi', 0),
  (102, 26, 'https://images.unsplash.com/photo-1631049307264-da0ec9d70304?w=1200&q=80&sig=264', 'Nhà hàng', 0),
  (103, 27, 'https://images.unsplash.com/photo-1618773928121-c32242e63f39?w=1200&q=80&sig=270', 'Mặt tiền khách sạn', 1),
  (104, 27, 'https://images.unsplash.com/photo-1631049307264-da0ec9d70304?w=1200&q=80&sig=271', 'Sảnh lễ tân', 0),
  (105, 27, 'https://images.unsplash.com/photo-1445019980597-93fa8acb246c?w=1200&q=80&sig=272', 'Phòng ngủ', 0),
  (106, 28, 'https://images.unsplash.com/photo-1564501049412-61c2a3083791?w=1200&q=80&sig=280', 'Mặt tiền khách sạn', 1),
  (107, 28, 'https://images.unsplash.com/photo-1566073771259-6a8506099945?w=1200&q=80&sig=281', 'Sảnh lễ tân', 0),
  (108, 28, 'https://images.unsplash.com/photo-1542314831-068cd1dbfeeb?w=1200&q=80&sig=282', 'Phòng ngủ', 0),
  (109, 28, 'https://images.unsplash.com/photo-1551882547-ff40c63fe5fa?w=1200&q=80&sig=283', 'Hồ bơi', 0),
  (110, 28, 'https://images.unsplash.com/photo-1582719508461-905c673771fd?w=1200&q=80&sig=284', 'Nhà hàng', 0),
  (111, 29, 'https://images.unsplash.com/photo-1551882547-ff40c63fe5fa?w=1200&q=80&sig=290', 'Mặt tiền khách sạn', 1),
  (112, 29, 'https://images.unsplash.com/photo-1582719508461-905c673771fd?w=1200&q=80&sig=291', 'Sảnh lễ tân', 0),
  (113, 29, 'https://images.unsplash.com/photo-1571003123894-1f0594d2b5d9?w=1200&q=80&sig=292', 'Phòng ngủ', 0),
  (114, 29, 'https://images.unsplash.com/photo-1455587734955-081b22074882?w=1200&q=80&sig=293', 'Hồ bơi', 0),
  (115, 29, 'https://images.unsplash.com/photo-1520250497591-112f2f40a3f4?w=1200&q=80&sig=294', 'Nhà hàng', 0),
  (116, 30, 'https://images.unsplash.com/photo-1455587734955-081b22074882?w=1200&q=80&sig=300', 'Mặt tiền khách sạn', 1),
  (117, 30, 'https://images.unsplash.com/photo-1520250497591-112f2f40a3f4?w=1200&q=80&sig=301', 'Sảnh lễ tân', 0),
  (118, 30, 'https://images.unsplash.com/photo-1611892440504-42a792e24d32?w=1200&q=80&sig=302', 'Phòng ngủ', 0),
  (119, 31, 'https://images.unsplash.com/photo-1618773928121-c32242e63f39?w=1200&q=80&sig=310', 'Mặt tiền khách sạn', 1),
  (120, 31, 'https://images.unsplash.com/photo-1631049307264-da0ec9d70304?w=1200&q=80&sig=311', 'Sảnh lễ tân', 0),
  (121, 31, 'https://images.unsplash.com/photo-1445019980597-93fa8acb246c?w=1200&q=80&sig=312', 'Phòng ngủ', 0),
  (122, 31, 'https://images.unsplash.com/photo-1564501049412-61c2a3083791?w=1200&q=80&sig=313', 'Hồ bơi', 0),
  (123, 32, 'https://images.unsplash.com/photo-1564501049412-61c2a3083791?w=1200&q=80&sig=320', 'Mặt tiền khách sạn', 1),
  (124, 32, 'https://images.unsplash.com/photo-1566073771259-6a8506099945?w=1200&q=80&sig=321', 'Sảnh lễ tân', 0),
  (125, 32, 'https://images.unsplash.com/photo-1542314831-068cd1dbfeeb?w=1200&q=80&sig=322', 'Phòng ngủ', 0),
  (126, 33, 'https://images.unsplash.com/photo-1551882547-ff40c63fe5fa?w=1200&q=80&sig=330', 'Mặt tiền khách sạn', 1),
  (127, 33, 'https://images.unsplash.com/photo-1582719508461-905c673771fd?w=1200&q=80&sig=331', 'Sảnh lễ tân', 0),
  (128, 33, 'https://images.unsplash.com/photo-1571003123894-1f0594d2b5d9?w=1200&q=80&sig=332', 'Phòng ngủ', 0),
  (129, 33, 'https://images.unsplash.com/photo-1455587734955-081b22074882?w=1200&q=80&sig=333', 'Hồ bơi', 0),
  (130, 34, 'https://images.unsplash.com/photo-1455587734955-081b22074882?w=1200&q=80&sig=340', 'Mặt tiền khách sạn', 1),
  (131, 34, 'https://images.unsplash.com/photo-1520250497591-112f2f40a3f4?w=1200&q=80&sig=341', 'Sảnh lễ tân', 0),
  (132, 34, 'https://images.unsplash.com/photo-1611892440504-42a792e24d32?w=1200&q=80&sig=342', 'Phòng ngủ', 0),
  (133, 35, 'https://images.unsplash.com/photo-1618773928121-c32242e63f39?w=1200&q=80&sig=350', 'Mặt tiền khách sạn', 1),
  (134, 35, 'https://images.unsplash.com/photo-1631049307264-da0ec9d70304?w=1200&q=80&sig=351', 'Sảnh lễ tân', 0),
  (135, 35, 'https://images.unsplash.com/photo-1445019980597-93fa8acb246c?w=1200&q=80&sig=352', 'Phòng ngủ', 0),
  (136, 35, 'https://images.unsplash.com/photo-1564501049412-61c2a3083791?w=1200&q=80&sig=353', 'Hồ bơi', 0),
  (137, 35, 'https://images.unsplash.com/photo-1566073771259-6a8506099945?w=1200&q=80&sig=354', 'Nhà hàng', 0),
  (138, 36, 'https://images.unsplash.com/photo-1564501049412-61c2a3083791?w=1200&q=80&sig=360', 'Mặt tiền khách sạn', 1),
  (139, 36, 'https://images.unsplash.com/photo-1566073771259-6a8506099945?w=1200&q=80&sig=361', 'Sảnh lễ tân', 0),
  (140, 36, 'https://images.unsplash.com/photo-1542314831-068cd1dbfeeb?w=1200&q=80&sig=362', 'Phòng ngủ', 0),
  (141, 36, 'https://images.unsplash.com/photo-1551882547-ff40c63fe5fa?w=1200&q=80&sig=363', 'Hồ bơi', 0),
  (142, 36, 'https://images.unsplash.com/photo-1582719508461-905c673771fd?w=1200&q=80&sig=364', 'Nhà hàng', 0),
  (143, 37, 'https://images.unsplash.com/photo-1551882547-ff40c63fe5fa?w=1200&q=80&sig=370', 'Mặt tiền khách sạn', 1),
  (144, 37, 'https://images.unsplash.com/photo-1582719508461-905c673771fd?w=1200&q=80&sig=371', 'Sảnh lễ tân', 0),
  (145, 37, 'https://images.unsplash.com/photo-1571003123894-1f0594d2b5d9?w=1200&q=80&sig=372', 'Phòng ngủ', 0),
  (146, 37, 'https://images.unsplash.com/photo-1455587734955-081b22074882?w=1200&q=80&sig=373', 'Hồ bơi', 0),
  (147, 37, 'https://images.unsplash.com/photo-1520250497591-112f2f40a3f4?w=1200&q=80&sig=374', 'Nhà hàng', 0),
  (148, 38, 'https://images.unsplash.com/photo-1455587734955-081b22074882?w=1200&q=80&sig=380', 'Mặt tiền khách sạn', 1),
  (149, 38, 'https://images.unsplash.com/photo-1520250497591-112f2f40a3f4?w=1200&q=80&sig=381', 'Sảnh lễ tân', 0),
  (150, 38, 'https://images.unsplash.com/photo-1611892440504-42a792e24d32?w=1200&q=80&sig=382', 'Phòng ngủ', 0),
  (151, 38, 'https://images.unsplash.com/photo-1618773928121-c32242e63f39?w=1200&q=80&sig=383', 'Hồ bơi', 0),
  (152, 39, 'https://images.unsplash.com/photo-1618773928121-c32242e63f39?w=1200&q=80&sig=390', 'Mặt tiền khách sạn', 1),
  (153, 39, 'https://images.unsplash.com/photo-1631049307264-da0ec9d70304?w=1200&q=80&sig=391', 'Sảnh lễ tân', 0),
  (154, 39, 'https://images.unsplash.com/photo-1445019980597-93fa8acb246c?w=1200&q=80&sig=392', 'Phòng ngủ', 0),
  (155, 39, 'https://images.unsplash.com/photo-1564501049412-61c2a3083791?w=1200&q=80&sig=393', 'Hồ bơi', 0),
  (156, 39, 'https://images.unsplash.com/photo-1566073771259-6a8506099945?w=1200&q=80&sig=394', 'Nhà hàng', 0),
  (157, 40, 'https://images.unsplash.com/photo-1564501049412-61c2a3083791?w=1200&q=80&sig=400', 'Mặt tiền khách sạn', 1),
  (158, 40, 'https://images.unsplash.com/photo-1566073771259-6a8506099945?w=1200&q=80&sig=401', 'Sảnh lễ tân', 0),
  (159, 40, 'https://images.unsplash.com/photo-1542314831-068cd1dbfeeb?w=1200&q=80&sig=402', 'Phòng ngủ', 0),
  (160, 40, 'https://images.unsplash.com/photo-1551882547-ff40c63fe5fa?w=1200&q=80&sig=403', 'Hồ bơi', 0),
  (161, 41, 'https://images.unsplash.com/photo-1551882547-ff40c63fe5fa?w=1200&q=80&sig=410', 'Mặt tiền khách sạn', 1),
  (162, 41, 'https://images.unsplash.com/photo-1582719508461-905c673771fd?w=1200&q=80&sig=411', 'Sảnh lễ tân', 0),
  (163, 41, 'https://images.unsplash.com/photo-1571003123894-1f0594d2b5d9?w=1200&q=80&sig=412', 'Phòng ngủ', 0),
  (164, 41, 'https://images.unsplash.com/photo-1455587734955-081b22074882?w=1200&q=80&sig=413', 'Hồ bơi', 0),
  (165, 41, 'https://images.unsplash.com/photo-1520250497591-112f2f40a3f4?w=1200&q=80&sig=414', 'Nhà hàng', 0),
  (166, 42, 'https://images.unsplash.com/photo-1455587734955-081b22074882?w=1200&q=80&sig=420', 'Mặt tiền khách sạn', 1),
  (167, 42, 'https://images.unsplash.com/photo-1520250497591-112f2f40a3f4?w=1200&q=80&sig=421', 'Sảnh lễ tân', 0),
  (168, 42, 'https://images.unsplash.com/photo-1611892440504-42a792e24d32?w=1200&q=80&sig=422', 'Phòng ngủ', 0),
  (169, 42, 'https://images.unsplash.com/photo-1618773928121-c32242e63f39?w=1200&q=80&sig=423', 'Hồ bơi', 0),
  (170, 42, 'https://images.unsplash.com/photo-1631049307264-da0ec9d70304?w=1200&q=80&sig=424', 'Nhà hàng', 0),
  (171, 43, 'https://images.unsplash.com/photo-1618773928121-c32242e63f39?w=1200&q=80&sig=430', 'Mặt tiền khách sạn', 1),
  (172, 43, 'https://images.unsplash.com/photo-1631049307264-da0ec9d70304?w=1200&q=80&sig=431', 'Sảnh lễ tân', 0),
  (173, 43, 'https://images.unsplash.com/photo-1445019980597-93fa8acb246c?w=1200&q=80&sig=432', 'Phòng ngủ', 0),
  (174, 43, 'https://images.unsplash.com/photo-1564501049412-61c2a3083791?w=1200&q=80&sig=433', 'Hồ bơi', 0),
  (175, 43, 'https://images.unsplash.com/photo-1566073771259-6a8506099945?w=1200&q=80&sig=434', 'Nhà hàng', 0),
  (176, 44, 'https://images.unsplash.com/photo-1564501049412-61c2a3083791?w=1200&q=80&sig=440', 'Mặt tiền khách sạn', 1),
  (177, 44, 'https://images.unsplash.com/photo-1566073771259-6a8506099945?w=1200&q=80&sig=441', 'Sảnh lễ tân', 0),
  (178, 44, 'https://images.unsplash.com/photo-1542314831-068cd1dbfeeb?w=1200&q=80&sig=442', 'Phòng ngủ', 0),
  (179, 44, 'https://images.unsplash.com/photo-1551882547-ff40c63fe5fa?w=1200&q=80&sig=443', 'Hồ bơi', 0),
  (180, 45, 'https://images.unsplash.com/photo-1551882547-ff40c63fe5fa?w=1200&q=80&sig=450', 'Mặt tiền khách sạn', 1),
  (181, 45, 'https://images.unsplash.com/photo-1582719508461-905c673771fd?w=1200&q=80&sig=451', 'Sảnh lễ tân', 0),
  (182, 45, 'https://images.unsplash.com/photo-1571003123894-1f0594d2b5d9?w=1200&q=80&sig=452', 'Phòng ngủ', 0),
  (183, 45, 'https://images.unsplash.com/photo-1455587734955-081b22074882?w=1200&q=80&sig=453', 'Hồ bơi', 0),
  (184, 46, 'https://images.unsplash.com/photo-1455587734955-081b22074882?w=1200&q=80&sig=460', 'Mặt tiền khách sạn', 1),
  (185, 46, 'https://images.unsplash.com/photo-1520250497591-112f2f40a3f4?w=1200&q=80&sig=461', 'Sảnh lễ tân', 0),
  (186, 46, 'https://images.unsplash.com/photo-1611892440504-42a792e24d32?w=1200&q=80&sig=462', 'Phòng ngủ', 0),
  (187, 46, 'https://images.unsplash.com/photo-1618773928121-c32242e63f39?w=1200&q=80&sig=463', 'Hồ bơi', 0),
  (188, 47, 'https://images.unsplash.com/photo-1618773928121-c32242e63f39?w=1200&q=80&sig=470', 'Mặt tiền khách sạn', 1),
  (189, 47, 'https://images.unsplash.com/photo-1631049307264-da0ec9d70304?w=1200&q=80&sig=471', 'Sảnh lễ tân', 0),
  (190, 47, 'https://images.unsplash.com/photo-1445019980597-93fa8acb246c?w=1200&q=80&sig=472', 'Phòng ngủ', 0),
  (191, 47, 'https://images.unsplash.com/photo-1564501049412-61c2a3083791?w=1200&q=80&sig=473', 'Hồ bơi', 0),
  (192, 48, 'https://images.unsplash.com/photo-1564501049412-61c2a3083791?w=1200&q=80&sig=480', 'Mặt tiền khách sạn', 1),
  (193, 48, 'https://images.unsplash.com/photo-1566073771259-6a8506099945?w=1200&q=80&sig=481', 'Sảnh lễ tân', 0),
  (194, 48, 'https://images.unsplash.com/photo-1542314831-068cd1dbfeeb?w=1200&q=80&sig=482', 'Phòng ngủ', 0),
  (195, 48, 'https://images.unsplash.com/photo-1551882547-ff40c63fe5fa?w=1200&q=80&sig=483', 'Hồ bơi', 0),
  (196, 49, 'https://images.unsplash.com/photo-1551882547-ff40c63fe5fa?w=1200&q=80&sig=490', 'Mặt tiền khách sạn', 1),
  (197, 49, 'https://images.unsplash.com/photo-1582719508461-905c673771fd?w=1200&q=80&sig=491', 'Sảnh lễ tân', 0),
  (198, 49, 'https://images.unsplash.com/photo-1571003123894-1f0594d2b5d9?w=1200&q=80&sig=492', 'Phòng ngủ', 0),
  (199, 50, 'https://images.unsplash.com/photo-1455587734955-081b22074882?w=1200&q=80&sig=500', 'Mặt tiền khách sạn', 1),
  (200, 50, 'https://images.unsplash.com/photo-1520250497591-112f2f40a3f4?w=1200&q=80&sig=501', 'Sảnh lễ tân', 0),
  (201, 50, 'https://images.unsplash.com/photo-1611892440504-42a792e24d32?w=1200&q=80&sig=502', 'Phòng ngủ', 0),
  (202, 50, 'https://images.unsplash.com/photo-1618773928121-c32242e63f39?w=1200&q=80&sig=503', 'Hồ bơi', 0),
  (203, 50, 'https://images.unsplash.com/photo-1631049307264-da0ec9d70304?w=1200&q=80&sig=504', 'Nhà hàng', 0),
  (204, 51, 'https://images.unsplash.com/photo-1618773928121-c32242e63f39?w=1200&q=80&sig=510', 'Mặt tiền khách sạn', 1),
  (205, 51, 'https://images.unsplash.com/photo-1631049307264-da0ec9d70304?w=1200&q=80&sig=511', 'Sảnh lễ tân', 0),
  (206, 51, 'https://images.unsplash.com/photo-1445019980597-93fa8acb246c?w=1200&q=80&sig=512', 'Phòng ngủ', 0),
  (207, 51, 'https://images.unsplash.com/photo-1564501049412-61c2a3083791?w=1200&q=80&sig=513', 'Hồ bơi', 0),
  (208, 51, 'https://images.unsplash.com/photo-1566073771259-6a8506099945?w=1200&q=80&sig=514', 'Nhà hàng', 0);


INSERT INTO `bookings` (`id`, `booking_code`, `user_id`, `hotel_id`, `room_id`, `guest_name`, `guest_email`, `guest_phone`, `checkin_date`, `checkout_date`, `nights`, `guests_count`, `subtotal`, `tax`, `total_amount`, `status`, `special_requests`, `created_at`) VALUES
  (1, 'STS000001', 23, 1, 4, 'Nguyễn Hữu Minh', 'nguyenminh23@email.com', '0947468723', '2026-02-11', '2026-02-16', 5, 1, 55100000, 5510000, 60610000, 'completed', NULL, '2026-01-25 00:00:00'),
  (2, 'STS000002', 22, 28, 122, 'Nguyễn Ngọc Vy', 'nguyenvy22@email.com', '0913267736', '2026-05-11', '2026-05-14', 3, 2, 11947500, 1194750, 13142250, 'confirmed', 'Check-in sớm 12h', '2026-04-23 00:00:00'),
  (3, 'STS000003', 20, 23, 99, 'Trần Thị Phương', 'tranphuong20@email.com', '0970106513', '2026-03-15', '2026-03-17', 2, 1, 31500000, 3150000, 34650000, 'completed', 'Check-in sớm 12h', '2026-02-19 00:00:00'),
  (4, 'STS000004', 20, 44, 191, 'Trần Thị Phương', 'tranphuong20@email.com', '0970106513', '2026-01-16', '2026-01-23', 7, 2, 5425000, 542500, 5967500, 'completed', 'Check-in sớm 12h', '2026-01-04 00:00:00'),
  (5, 'STS000005', 9, 41, 177, 'Nguyễn Thị Thảo', 'nguyenthao9@email.com', '0939537672', '2026-01-15', '2026-01-18', 3, 1, 7950000, 795000, 8745000, 'completed', 'Giường thêm cho trẻ em', '2026-01-09 00:00:00'),
  (6, 'STS000006', 3, 38, 167, 'Nguyễn Văn Quang', 'nguyenquang3@email.com', '0908386379', '2026-06-26', '2026-06-30', 4, 2, 4784000, 478400, 5262400, 'confirmed', NULL, '2026-05-31 00:00:00'),
  (7, 'STS000007', 6, 51, 218, 'Đỗ Hữu Thắng', 'dothang6@email.com', '0959310341', '2026-06-01', '2026-06-06', 5, 2, 3000000, 300000, 3300000, 'confirmed', 'Check-in sớm 12h', '2026-05-24 00:00:00'),
  (8, 'STS000008', 27, 19, 80, 'Phạm Hữu Hùng', 'phamhung27@email.com', '0947510799', '2026-05-03', '2026-05-07', 4, 1, 15120000, 1512000, 16632000, 'confirmed', 'Check-in sớm 12h', '2026-04-23 00:00:00'),
  (9, 'STS000009', 13, 6, 26, 'Đặng Hữu Minh', 'dangminh13@email.com', '0948281489', '2026-04-06', '2026-04-07', 1, 2, 2805000, 280500, 3085500, 'completed', NULL, '2026-03-13 00:00:00'),
  (10, 'STS000010', 28, 41, 178, 'Trần Văn Quang', 'tranquang28@email.com', '0925135427', '2026-05-29', '2026-05-30', 1, 1, 3577500, 357750, 3935250, 'confirmed', 'Cách xa thang máy', '2026-05-09 00:00:00'),
  (11, 'STS000011', 22, 5, 22, 'Nguyễn Ngọc Vy', 'nguyenvy22@email.com', '0913267736', '2026-06-09', '2026-06-14', 5, 2, 10200000, 1020000, 11220000, 'confirmed', NULL, '2026-06-02 00:00:00'),
  (12, 'STS000012', 17, 8, 31, 'Ngô Ngọc Trang', 'ngotrang17@email.com', '0971331509', '2026-04-04', '2026-04-06', 2, 2, 2640000, 264000, 2904000, 'completed', 'Phòng tầng cao', '2026-03-21 00:00:00'),
  (13, 'STS000013', 25, 47, 201, 'Đỗ Văn Phong', 'dophong25@email.com', '0921913619', '2026-04-09', '2026-04-14', 5, 2, 4600000, 460000, 5060000, 'completed', 'Cách xa thang máy', '2026-03-24 00:00:00'),
  (14, 'STS000014', 8, 29, 128, 'Ngô Văn Tùng', 'ngotung8@email.com', '0976483503', '2026-05-12', '2026-05-19', 7, 1, 11662000, 1166200, 12828200, 'cancelled', 'Giường thêm cho trẻ em', '2026-04-28 00:00:00'),
  (15, 'STS000015', 19, 42, 183, 'Hoàng Thị Mai', 'hoangmai19@email.com', '0999737631', '2026-05-11', '2026-05-12', 1, 1, 1404000, 140400, 1544400, 'confirmed', 'Check-in sớm 12h', '2026-04-12 00:00:00'),
  (16, 'STS000016', 22, 41, 180, 'Nguyễn Ngọc Vy', 'nguyenvy22@email.com', '0913267736', '2026-06-18', '2026-06-25', 7, 3, 64925000, 6492500, 71417500, 'confirmed', NULL, '2026-06-11 00:00:00'),
  (17, 'STS000017', 28, 49, 210, 'Trần Văn Quang', 'tranquang28@email.com', '0925135427', '2026-03-08', '2026-03-11', 3, 1, 2940000, 294000, 3234000, 'cancelled', NULL, '2026-02-09 00:00:00'),
  (18, 'STS000018', 6, 51, 218, 'Đỗ Hữu Thắng', 'dothang6@email.com', '0959310341', '2026-06-09', '2026-06-10', 1, 1, 600000, 60000, 660000, 'cancelled', 'Cách xa thang máy', '2026-05-29 00:00:00'),
  (19, 'STS000019', 27, 12, 47, 'Phạm Hữu Hùng', 'phamhung27@email.com', '0947510799', '2026-05-07', '2026-05-10', 3, 1, 4140000, 414000, 4554000, 'confirmed', NULL, '2026-04-09 00:00:00'),
  (20, 'STS000020', 2, 12, 49, 'Ngô Văn Tùng', 'ngotung2@email.com', '0932181960', '2026-02-27', '2026-02-28', 1, 1, 1794000, 179400, 1973400, 'completed', 'Giường thêm cho trẻ em', '2026-02-22 00:00:00'),
  (21, 'STS000021', 18, 38, 165, 'Đỗ Văn Quang', 'doquang18@email.com', '0903105183', '2026-06-07', '2026-06-10', 3, 1, 2760000, 276000, 3036000, 'confirmed', 'Giường thêm cho trẻ em', '2026-05-10 00:00:00'),
  (22, 'STS000022', 22, 2, 6, 'Nguyễn Ngọc Vy', 'nguyenvy22@email.com', '0913267736', '2026-05-07', '2026-05-14', 7, 2, 16800000, 1680000, 18480000, 'cancelled', 'Giường thêm cho trẻ em', '2026-05-01 00:00:00'),
  (23, 'STS000023', 17, 46, 199, 'Ngô Ngọc Trang', 'ngotrang17@email.com', '0971331509', '2026-05-19', '2026-05-20', 1, 3, 1445000, 144500, 1589500, 'confirmed', NULL, '2026-05-14 00:00:00'),
  (24, 'STS000024', 22, 38, 167, 'Nguyễn Ngọc Vy', 'nguyenvy22@email.com', '0913267736', '2026-02-13', '2026-02-15', 2, 2, 2392000, 239200, 2631200, 'completed', 'Phòng tầng cao', '2026-01-25 00:00:00'),
  (25, 'STS000025', 27, 45, 192, 'Phạm Hữu Hùng', 'phamhung27@email.com', '0947510799', '2025-12-30', '2026-01-04', 5, 1, 5500000, 550000, 6050000, 'completed', 'Phòng tầng cao', '2025-12-13 00:00:00'),
  (26, 'STS000026', 28, 30, 132, 'Trần Văn Quang', 'tranquang28@email.com', '0925135427', '2026-05-19', '2026-05-21', 2, 2, 4930000, 493000, 5423000, 'confirmed', NULL, '2026-04-25 00:00:00'),
  (27, 'STS000027', 23, 31, 133, 'Nguyễn Hữu Minh', 'nguyenminh23@email.com', '0947468723', '2026-05-04', '2026-05-05', 1, 2, 1280000, 128000, 1408000, 'confirmed', NULL, '2026-04-08 00:00:00'),
  (28, 'STS000028', 19, 4, 17, 'Hoàng Thị Mai', 'hoangmai19@email.com', '0999737631', '2026-05-21', '2026-05-24', 3, 2, 3315000, 331500, 3646500, 'confirmed', 'Check-in sớm 12h', '2026-04-25 00:00:00'),
  (29, 'STS000029', 11, 23, 95, 'Đỗ Văn Vũ', 'dovu11@email.com', '0912269166', '2026-05-08', '2026-05-11', 3, 2, 13500000, 1350000, 14850000, 'confirmed', NULL, '2026-04-08 00:00:00'),
  (30, 'STS000030', 13, 8, 33, 'Đặng Hữu Minh', 'dangminh13@email.com', '0948281489', '2026-05-04', '2026-05-07', 3, 1, 5148000, 514800, 5662800, 'cancelled', 'Cách xa thang máy', '2026-04-10 00:00:00'),
  (31, 'STS000031', 28, 45, 194, 'Trần Văn Quang', 'tranquang28@email.com', '0925135427', '2026-06-12', '2026-06-13', 1, 2, 1430000, 143000, 1573000, 'confirmed', NULL, '2026-05-29 00:00:00'),
  (32, 'STS000032', 20, 43, 188, 'Trần Thị Phương', 'tranphuong20@email.com', '0970106513', '2026-01-30', '2026-01-31', 1, 1, 1479000, 147900, 1626900, 'completed', NULL, '2026-01-04 00:00:00'),
  (33, 'STS000033', 15, 30, 131, 'Lý Văn Minh', 'lyminh15@email.com', '0991171822', '2026-06-14', '2026-06-16', 2, 2, 3770000, 377000, 4147000, 'confirmed', 'Check-in sớm 12h', '2026-05-24 00:00:00'),
  (34, 'STS000034', 6, 11, 43, 'Đỗ Hữu Thắng', 'dothang6@email.com', '0959310341', '2026-05-27', '2026-05-30', 3, 2, 3300000, 330000, 3630000, 'confirmed', 'Phòng tầng cao', '2026-05-05 00:00:00'),
  (35, 'STS000035', 8, 49, 209, 'Ngô Văn Tùng', 'ngotung8@email.com', '0976483503', '2026-05-17', '2026-05-19', 2, 2, 1960000, 196000, 2156000, 'confirmed', 'Cách xa thang máy', '2026-04-23 00:00:00'),
  (36, 'STS000036', 14, 39, 169, 'Phạm Văn Vũ', 'phamvu14@email.com', '0980957015', '2026-05-12', '2026-05-13', 1, 1, 580000, 58000, 638000, 'confirmed', 'Check-in sớm 12h', '2026-05-01 00:00:00'),
  (37, 'STS000037', 2, 32, 140, 'Ngô Văn Tùng', 'ngotung2@email.com', '0932181960', '2026-06-02', '2026-06-04', 2, 3, 7980000, 798000, 8778000, 'confirmed', NULL, '2026-05-14 00:00:00'),
  (38, 'STS000038', 4, 26, 110, 'Hoàng Ngọc Anh', 'hoanganh4@email.com', '0926542351', '2026-06-26', '2026-06-28', 2, 1, 4800000, 480000, 5280000, 'confirmed', 'Check-in sớm 12h', '2026-06-13 00:00:00'),
  (39, 'STS000039', 14, 46, 199, 'Phạm Văn Vũ', 'phamvu14@email.com', '0980957015', '2026-04-30', '2026-05-02', 2, 2, 2890000, 289000, 3179000, 'confirmed', NULL, '2026-04-02 00:00:00'),
  (40, 'STS000040', 4, 28, 120, 'Hoàng Ngọc Anh', 'hoanganh4@email.com', '0926542351', '2026-03-01', '2026-03-03', 2, 1, 5900000, 590000, 6490000, 'completed', 'Phòng tầng cao', '2026-01-30 00:00:00'),
  (41, 'STS000041', 9, 22, 92, 'Nguyễn Thị Thảo', 'nguyenthao9@email.com', '0939537672', '2026-04-07', '2026-04-08', 1, 1, 1180000, 118000, 1298000, 'completed', 'Check-in sớm 12h', '2026-03-24 00:00:00'),
  (42, 'STS000042', 9, 7, 28, 'Nguyễn Thị Thảo', 'nguyenthao9@email.com', '0939537672', '2026-06-06', '2026-06-08', 2, 1, 1960000, 196000, 2156000, 'confirmed', 'Check-in sớm 12h', '2026-05-10 00:00:00'),
  (43, 'STS000043', 16, 49, 212, 'Ngô Văn Phong', 'ngophong16@email.com', '0989638346', '2026-01-29', '2026-02-01', 3, 3, 4998000, 499800, 5497800, 'completed', 'Cách xa thang máy', '2026-01-16 00:00:00'),
  (44, 'STS000044', 4, 31, 136, 'Hoàng Ngọc Anh', 'hoanganh4@email.com', '0926542351', '2026-05-23', '2026-05-26', 3, 3, 6528000, 652800, 7180800, 'cancelled', NULL, '2026-05-09 00:00:00'),
  (45, 'STS000045', 18, 5, 21, 'Đỗ Văn Quang', 'doquang18@email.com', '0903105183', '2026-05-02', '2026-05-05', 3, 2, 4680000, 468000, 5148000, 'confirmed', 'Check-in sớm 12h', '2026-04-20 00:00:00'),
  (46, 'STS000046', 21, 39, 171, 'Phạm Văn Nam', 'phamnam21@email.com', '0924731781', '2026-02-10', '2026-02-12', 2, 1, 1450000, 145000, 1595000, 'completed', 'Phòng tầng cao', '2026-01-13 00:00:00'),
  (47, 'STS000047', 12, 39, 170, 'Hồ Thị Vy', 'hovy12@email.com', '0980184514', '2026-05-27', '2026-05-30', 3, 1, 1827000, 182700, 2009700, 'confirmed', 'Check-in sớm 12h', '2026-04-28 00:00:00'),
  (48, 'STS000048', 18, 42, 182, 'Đỗ Văn Quang', 'doquang18@email.com', '0903105183', '2026-02-24', '2026-02-25', 1, 2, 1080000, 108000, 1188000, 'completed', 'Cách xa thang máy', '2026-02-05 00:00:00'),
  (49, 'STS000049', 13, 19, 81, 'Đặng Hữu Minh', 'dangminh13@email.com', '0948281489', '2026-06-11', '2026-06-13', 2, 3, 10640000, 1064000, 11704000, 'confirmed', NULL, '2026-05-14 00:00:00'),
  (50, 'STS000050', 5, 36, 160, 'Trần Hữu Hoàng', 'tranhoang5@email.com', '0994078161', '2026-01-02', '2026-01-04', 2, 3, 3332000, 333200, 3665200, 'completed', 'Cách xa thang máy', '2025-12-03 00:00:00'),
  (51, 'STS000051', 20, 43, 186, 'Trần Thị Phương', 'tranphuong20@email.com', '0970106513', '2026-06-09', '2026-06-14', 5, 2, 4350000, 435000, 4785000, 'confirmed', NULL, '2026-05-18 00:00:00'),
  (52, 'STS000052', 14, 42, 183, 'Phạm Văn Vũ', 'phamvu14@email.com', '0980957015', '2026-01-22', '2026-01-26', 4, 1, 5616000, 561600, 6177600, 'completed', 'Giường thêm cho trẻ em', '2025-12-29 00:00:00'),
  (53, 'STS000053', 2, 24, 102, 'Ngô Văn Tùng', 'ngotung2@email.com', '0932181960', '2026-05-20', '2026-05-22', 2, 2, 5940000, 594000, 6534000, 'confirmed', NULL, '2026-05-10 00:00:00'),
  (54, 'STS000054', 11, 51, 216, 'Đỗ Văn Vũ', 'dovu11@email.com', '0912269166', '2026-01-05', '2026-01-08', 3, 1, 1440000, 144000, 1584000, 'completed', 'Giường thêm cho trẻ em', '2025-12-23 00:00:00'),
  (55, 'STS000055', 14, 10, 40, 'Phạm Văn Vũ', 'phamvu14@email.com', '0980957015', '2026-01-13', '2026-01-15', 2, 1, 1520000, 152000, 1672000, 'completed', 'Giường thêm cho trẻ em', '2025-12-27 00:00:00'),
  (56, 'STS000056', 23, 47, 201, 'Nguyễn Hữu Minh', 'nguyenminh23@email.com', '0947468723', '2026-03-16', '2026-03-23', 7, 2, 6440000, 644000, 7084000, 'completed', NULL, '2026-02-24 00:00:00'),
  (57, 'STS000057', 30, 13, 53, 'Trần Thị Hương', 'tranhuong30@email.com', '0993534874', '2026-02-24', '2026-02-27', 3, 2, 5031000, 503100, 5534100, 'completed', 'Check-in sớm 12h', '2026-02-12 00:00:00'),
  (58, 'STS000058', 15, 11, 44, 'Lý Văn Minh', 'lyminh15@email.com', '0991171822', '2026-06-23', '2026-06-27', 4, 2, 4400000, 440000, 4840000, 'confirmed', NULL, '2026-05-31 00:00:00'),
  (59, 'STS000059', 5, 46, 196, 'Trần Hữu Hoàng', 'tranhoang5@email.com', '0994078161', '2026-06-07', '2026-06-09', 2, 2, 1700000, 170000, 1870000, 'cancelled', 'Phòng tầng cao', '2026-05-19 00:00:00'),
  (60, 'STS000060', 6, 28, 120, 'Đỗ Hữu Thắng', 'dothang6@email.com', '0959310341', '2026-06-20', '2026-06-25', 5, 2, 14750000, 1475000, 16225000, 'confirmed', NULL, '2026-06-17 00:00:00'),
  (61, 'STS000061', 18, 24, 101, 'Đỗ Văn Quang', 'doquang18@email.com', '0903105183', '2026-05-22', '2026-05-24', 2, 1, 4400000, 440000, 4840000, 'confirmed', NULL, '2026-05-09 00:00:00'),
  (62, 'STS000062', 27, 10, 40, 'Phạm Hữu Hùng', 'phamhung27@email.com', '0947510799', '2026-04-28', '2026-04-29', 1, 1, 760000, 76000, 836000, 'cancelled', 'Check-in sớm 12h', '2026-04-03 00:00:00'),
  (63, 'STS000063', 17, 29, 125, 'Ngô Ngọc Trang', 'ngotrang17@email.com', '0971331509', '2026-05-15', '2026-05-20', 5, 1, 4900000, 490000, 5390000, 'confirmed', 'Check-in sớm 12h', '2026-05-08 00:00:00'),
  (64, 'STS000064', 18, 28, 120, 'Đỗ Văn Quang', 'doquang18@email.com', '0903105183', '2026-05-18', '2026-05-22', 4, 1, 11800000, 1180000, 12980000, 'confirmed', NULL, '2026-05-08 00:00:00'),
  (65, 'STS000065', 16, 5, 19, 'Ngô Văn Phong', 'ngophong16@email.com', '0989638346', '2026-06-06', '2026-06-10', 4, 1, 4800000, 480000, 5280000, 'confirmed', 'Giường thêm cho trẻ em', '2026-05-18 00:00:00'),
  (66, 'STS000066', 11, 28, 120, 'Đỗ Văn Vũ', 'dovu11@email.com', '0912269166', '2026-06-04', '2026-06-07', 3, 2, 8850000, 885000, 9735000, 'confirmed', NULL, '2026-05-11 00:00:00'),
  (67, 'STS000067', 4, 34, 151, 'Hoàng Ngọc Anh', 'hoanganh4@email.com', '0926542351', '2026-02-10', '2026-02-13', 3, 1, 24150000, 2415000, 26565000, 'completed', 'Phòng tầng cao', '2026-01-11 00:00:00'),
  (68, 'STS000068', 13, 17, 70, 'Đặng Hữu Minh', 'dangminh13@email.com', '0948281489', '2026-05-21', '2026-05-23', 2, 1, 4200000, 420000, 4620000, 'confirmed', 'Giường thêm cho trẻ em', '2026-04-27 00:00:00'),
  (69, 'STS000069', 25, 49, 211, 'Đỗ Văn Phong', 'dophong25@email.com', '0921913619', '2026-06-02', '2026-06-03', 1, 2, 1274000, 127400, 1401400, 'confirmed', 'Check-in sớm 12h', '2026-05-10 00:00:00'),
  (70, 'STS000070', 24, 31, 134, 'Hoàng Văn Minh', 'hoangminh24@email.com', '0980500978', '2026-06-13', '2026-06-17', 4, 2, 5120000, 512000, 5632000, 'confirmed', NULL, '2026-06-01 00:00:00'),
  (71, 'STS000071', 30, 3, 13, 'Trần Thị Hương', 'tranhuong30@email.com', '0993534874', '2026-03-02', '2026-03-07', 5, 2, 9425000, 942500, 10367500, 'completed', NULL, '2026-02-26 00:00:00'),
  (72, 'STS000072', 29, 50, 213, 'Đỗ Ngọc Yến', 'doyen29@email.com', '0980841241', '2026-05-16', '2026-05-21', 5, 1, 2600000, 260000, 2860000, 'confirmed', 'Check-in sớm 12h', '2026-05-02 00:00:00'),
  (73, 'STS000073', 30, 25, 107, 'Trần Thị Hương', 'tranhuong30@email.com', '0993534874', '2026-06-12', '2026-06-19', 7, 2, 25515000, 2551500, 28066500, 'confirmed', NULL, '2026-05-15 00:00:00'),
  (74, 'STS000074', 25, 28, 120, 'Đỗ Văn Phong', 'dophong25@email.com', '0921913619', '2026-06-04', '2026-06-06', 2, 2, 5900000, 590000, 6490000, 'cancelled', NULL, '2026-05-29 00:00:00'),
  (75, 'STS000075', 4, 21, 89, 'Hoàng Ngọc Anh', 'hoanganh4@email.com', '0926542351', '2026-01-20', '2026-01-22', 2, 2, 3432000, 343200, 3775200, 'completed', NULL, '2025-12-26 00:00:00'),
  (76, 'STS000076', 3, 47, 202, 'Nguyễn Văn Quang', 'nguyenquang3@email.com', '0908386379', '2026-05-16', '2026-05-19', 3, 1, 3588000, 358800, 3946800, 'confirmed', NULL, '2026-04-22 00:00:00'),
  (77, 'STS000077', 27, 48, 205, 'Phạm Hữu Hùng', 'phamhung27@email.com', '0947510799', '2026-06-22', '2026-06-29', 7, 2, 10150000, 1015000, 11165000, 'confirmed', NULL, '2026-06-15 00:00:00'),
  (78, 'STS000078', 13, 25, 109, 'Đặng Hữu Minh', 'dangminh13@email.com', '0948281489', '2026-06-11', '2026-06-12', 1, 4, 9450000, 945000, 10395000, 'confirmed', NULL, '2026-05-28 00:00:00'),
  (79, 'STS000079', 20, 9, 37, 'Trần Thị Phương', 'tranphuong20@email.com', '0970106513', '2026-03-17', '2026-03-19', 2, 1, 2392000, 239200, 2631200, 'completed', NULL, '2026-03-14 00:00:00'),
  (80, 'STS000080', 14, 36, 157, 'Phạm Văn Vũ', 'phamvu14@email.com', '0980957015', '2026-06-13', '2026-06-15', 2, 2, 1960000, 196000, 2156000, 'confirmed', NULL, '2026-05-22 00:00:00');


INSERT INTO `payments` (`id`, `booking_id`, `method`, `amount`, `status`, `transaction_ref`, `paid_at`) VALUES
  (1, 1, 'momo', 60610000, 'paid', 'TXN730900313', '2026-02-08 00:00:00'),
  (2, 2, 'credit_card', 13142250, 'paid', 'TXN354697684', '2026-05-07 00:00:00'),
  (3, 3, 'bank_transfer', 34650000, 'paid', 'TXN394721069', '2026-03-14 00:00:00'),
  (4, 4, 'vnpay', 5967500, 'paid', 'TXN751831074', '2026-01-13 00:00:00'),
  (5, 5, 'credit_card', 8745000, 'paid', 'TXN431714152', '2026-01-11 00:00:00'),
  (6, 6, 'bank_transfer', 5262400, 'paid', 'TXN288592093', '2026-06-24 00:00:00'),
  (7, 7, 'momo', 3300000, 'paid', 'TXN985503942', '2026-05-28 00:00:00'),
  (8, 8, 'bank_transfer', 16632000, 'paid', 'TXN963919401', '2026-04-28 00:00:00'),
  (9, 9, 'momo', 3085500, 'paid', 'TXN727666622', '2026-04-02 00:00:00'),
  (10, 10, 'momo', 3935250, 'paid', 'TXN755070775', '2026-05-27 00:00:00'),
  (11, 11, 'credit_card', 11220000, 'paid', 'TXN139956218', '2026-06-06 00:00:00'),
  (12, 12, 'cash_at_hotel', 2904000, 'paid', 'TXN550033924', '2026-03-30 00:00:00'),
  (13, 13, 'momo', 5060000, 'paid', 'TXN135128844', '2026-04-06 00:00:00'),
  (15, 15, 'bank_transfer', 1544400, 'paid', 'TXN198433586', '2026-05-09 00:00:00'),
  (16, 16, 'cash_at_hotel', 71417500, 'paid', 'TXN320337809', '2026-06-17 00:00:00'),
  (19, 19, 'vnpay', 4554000, 'paid', 'TXN732276010', '2026-05-04 00:00:00'),
  (20, 20, 'bank_transfer', 1973400, 'paid', 'TXN581331845', '2026-02-24 00:00:00'),
  (21, 21, 'cash_at_hotel', 3036000, 'paid', 'TXN423873102', '2026-06-03 00:00:00'),
  (23, 23, 'vnpay', 1589500, 'paid', 'TXN395296179', '2026-05-14 00:00:00'),
  (24, 24, 'cash_at_hotel', 2631200, 'paid', 'TXN561923010', '2026-02-12 00:00:00'),
  (25, 25, 'vnpay', 6050000, 'paid', 'TXN544328940', '2025-12-27 00:00:00'),
  (26, 26, 'momo', 5423000, 'paid', 'TXN501902658', '2026-05-17 00:00:00'),
  (27, 27, 'momo', 1408000, 'paid', 'TXN971630639', '2026-05-02 00:00:00'),
  (28, 28, 'credit_card', 3646500, 'paid', 'TXN408839723', '2026-05-16 00:00:00'),
  (29, 29, 'credit_card', 14850000, 'paid', 'TXN475932035', '2026-05-03 00:00:00'),
  (31, 31, 'credit_card', 1573000, 'paid', 'TXN294782734', '2026-06-10 00:00:00'),
  (32, 32, 'cash_at_hotel', 1626900, 'paid', 'TXN330997172', '2026-01-26 00:00:00'),
  (33, 33, 'cash_at_hotel', 4147000, 'paid', 'TXN191221925', '2026-06-13 00:00:00'),
  (34, 34, 'bank_transfer', 3630000, 'paid', 'TXN544726404', '2026-05-24 00:00:00'),
  (35, 35, 'momo', 2156000, 'paid', 'TXN148766522', '2026-05-15 00:00:00'),
  (36, 36, 'momo', 638000, 'paid', 'TXN452318696', '2026-05-11 00:00:00'),
  (37, 37, 'cash_at_hotel', 8778000, 'paid', 'TXN994807263', '2026-05-30 00:00:00'),
  (38, 38, 'cash_at_hotel', 5280000, 'paid', 'TXN560940492', '2026-06-21 00:00:00'),
  (39, 39, 'cash_at_hotel', 3179000, 'paid', 'TXN594025283', '2026-04-27 00:00:00'),
  (40, 40, 'momo', 6490000, 'paid', 'TXN900801837', '2026-02-26 00:00:00'),
  (41, 41, 'momo', 1298000, 'paid', 'TXN881017363', '2026-04-05 00:00:00'),
  (42, 42, 'credit_card', 2156000, 'paid', 'TXN290209201', '2026-06-02 00:00:00'),
  (43, 43, 'momo', 5497800, 'paid', 'TXN262089272', '2026-01-25 00:00:00'),
  (45, 45, 'credit_card', 5148000, 'paid', 'TXN792205349', '2026-05-01 00:00:00'),
  (46, 46, 'cash_at_hotel', 1595000, 'paid', 'TXN799905142', '2026-02-08 00:00:00'),
  (47, 47, 'momo', 2009700, 'paid', 'TXN866990485', '2026-05-26 00:00:00'),
  (48, 48, 'cash_at_hotel', 1188000, 'paid', 'TXN270452446', '2026-02-21 00:00:00'),
  (49, 49, 'momo', 11704000, 'paid', 'TXN170772317', '2026-06-08 00:00:00'),
  (50, 50, 'vnpay', 3665200, 'paid', 'TXN457944766', '2026-01-01 00:00:00'),
  (51, 51, 'credit_card', 4785000, 'paid', 'TXN432411019', '2026-06-04 00:00:00'),
  (52, 52, 'bank_transfer', 6177600, 'paid', 'TXN645985356', '2026-01-19 00:00:00'),
  (53, 53, 'vnpay', 6534000, 'paid', 'TXN266371119', '2026-05-19 00:00:00'),
  (54, 54, 'cash_at_hotel', 1584000, 'paid', 'TXN240712839', '2025-12-31 00:00:00'),
  (55, 55, 'credit_card', 1672000, 'paid', 'TXN541156077', '2026-01-10 00:00:00'),
  (56, 56, 'vnpay', 7084000, 'paid', 'TXN432288618', '2026-03-12 00:00:00'),
  (57, 57, 'bank_transfer', 5534100, 'paid', 'TXN639991949', '2026-02-19 00:00:00'),
  (58, 58, 'bank_transfer', 4840000, 'paid', 'TXN498585961', '2026-06-18 00:00:00'),
  (60, 60, 'bank_transfer', 16225000, 'paid', 'TXN157184151', '2026-06-16 00:00:00'),
  (61, 61, 'credit_card', 4840000, 'paid', 'TXN867407868', '2026-05-19 00:00:00'),
  (63, 63, 'cash_at_hotel', 5390000, 'paid', 'TXN880862406', '2026-05-10 00:00:00'),
  (64, 64, 'bank_transfer', 12980000, 'paid', 'TXN786069196', '2026-05-13 00:00:00'),
  (65, 65, 'cash_at_hotel', 5280000, 'paid', 'TXN359779090', '2026-06-04 00:00:00'),
  (66, 66, 'credit_card', 9735000, 'paid', 'TXN662087258', '2026-06-01 00:00:00'),
  (67, 67, 'bank_transfer', 26565000, 'paid', 'TXN146744734', '2026-02-06 00:00:00'),
  (68, 68, 'credit_card', 4620000, 'paid', 'TXN928393291', '2026-05-16 00:00:00'),
  (69, 69, 'vnpay', 1401400, 'paid', 'TXN991617660', '2026-05-29 00:00:00'),
  (70, 70, 'vnpay', 5632000, 'paid', 'TXN147036629', '2026-06-11 00:00:00'),
  (71, 71, 'vnpay', 10367500, 'paid', 'TXN407209235', '2026-02-27 00:00:00'),
  (72, 72, 'bank_transfer', 2860000, 'paid', 'TXN529520110', '2026-05-12 00:00:00'),
  (73, 73, 'cash_at_hotel', 28066500, 'paid', 'TXN386389162', '2026-06-11 00:00:00'),
  (75, 75, 'bank_transfer', 3775200, 'paid', 'TXN477470703', '2026-01-16 00:00:00'),
  (76, 76, 'bank_transfer', 3946800, 'paid', 'TXN490102359', '2026-05-11 00:00:00'),
  (77, 77, 'credit_card', 11165000, 'paid', 'TXN353398109', '2026-06-19 00:00:00'),
  (78, 78, 'bank_transfer', 10395000, 'paid', 'TXN919355714', '2026-06-10 00:00:00'),
  (79, 79, 'vnpay', 2631200, 'paid', 'TXN635844374', '2026-03-12 00:00:00'),
  (80, 80, 'momo', 2156000, 'paid', 'TXN845156039', '2026-06-09 00:00:00');


INSERT INTO `reviews` (`id`, `booking_id`, `user_id`, `hotel_id`, `rating`, `comment`, `created_at`) VALUES
  (1, 25, 27, 45, 5.0, 'Vị trí đắc địa giữa trung tâm, đi bộ đến phố cổ chỉ 5 phút.', '2026-01-12 00:00:00'),
  (2, 79, 20, 9, 5.0, 'Trải nghiệm tuyệt vời, đáng đồng tiền. Spa rất thư giãn.', '2026-03-29 00:00:00'),
  (3, 20, 2, 12, 4.5, 'Bữa sáng buffet đa dạng, hồ bơi đẹp. Rất hài lòng với chuyến đi.', '2026-03-07 00:00:00'),
  (4, 50, 5, 36, 3.0, 'Tiếng ồn từ đường phố lớn, khó ngủ. Nhân viên chưa thân thiện.', '2026-01-17 00:00:00'),
  (5, 43, 16, 49, 5.0, 'Phòng sạch sẽ, view tuyệt vời. Vị trí thuận tiện, đi lại dễ dàng.', '2026-02-04 00:00:00'),
  (6, 3, 20, 23, 3.5, 'Tổng thể chấp nhận được với mức giá này. Cần cải thiện dịch vụ.', '2026-03-25 00:00:00'),
  (7, 1, 23, 1, 5.0, 'Trải nghiệm tuyệt vời, đáng đồng tiền. Spa rất thư giãn.', '2026-03-02 00:00:00'),
  (8, 75, 4, 21, 5.0, 'Trải nghiệm tuyệt vời, đáng đồng tiền. Spa rất thư giãn.', '2026-02-04 00:00:00'),
  (9, 56, 23, 47, 4.0, 'Khách sạn ổn, không có gì đặc biệt. Phòng ốc sạch sẽ là được.', '2026-04-06 00:00:00'),
  (10, 52, 14, 42, 5.0, 'Bữa sáng buffet đa dạng, hồ bơi đẹp. Rất hài lòng với chuyến đi.', '2026-01-29 00:00:00'),
  (11, 48, 18, 42, 5.0, 'Vị trí đắc địa giữa trung tâm, đi bộ đến phố cổ chỉ 5 phút.', '2026-03-06 00:00:00'),
  (12, 41, 9, 22, 4.5, 'Bữa sáng buffet đa dạng, hồ bơi đẹp. Rất hài lòng với chuyến đi.', '2026-04-12 00:00:00'),
  (13, 71, 30, 3, 5.0, 'Bữa sáng buffet đa dạng, hồ bơi đẹp. Rất hài lòng với chuyến đi.', '2026-03-10 00:00:00'),
  (14, 55, 14, 10, 5.0, 'Nhân viên nói tiếng Anh tốt, hỗ trợ đặt tour rất tận tình.', '2026-01-17 00:00:00'),
  (15, 24, 22, 38, 5.0, 'Đồ ăn ngon, đặc biệt món phở buổi sáng rất chuẩn vị Hà Nội.', '2026-02-25 00:00:00'),
  (16, 54, 11, 51, 5.0, 'Đồ ăn ngon, đặc biệt món phở buổi sáng rất chuẩn vị Hà Nội.', '2026-01-14 00:00:00'),
  (17, 40, 4, 28, 5.0, 'Khách sạn rất đẹp, nhân viên thân thiện, đồ ăn sáng phong phú. Chắc chắn sẽ quay lại!', '2026-03-17 00:00:00'),
  (18, 32, 20, 43, 4.5, 'Khách sạn rất đẹp, nhân viên thân thiện, đồ ăn sáng phong phú. Chắc chắn sẽ quay lại!', '2026-02-11 00:00:00'),
  (19, 67, 4, 34, 5.0, 'Lễ tân nhiệt tình, check-in nhanh chóng. Phòng rộng và yên tĩnh.', '2026-02-26 00:00:00'),
  (20, 57, 30, 13, 5.0, 'Khách sạn rất đẹp, nhân viên thân thiện, đồ ăn sáng phong phú. Chắc chắn sẽ quay lại!', '2026-03-07 00:00:00'),
  (21, 12, 17, 8, 5.0, 'Bữa sáng buffet đa dạng, hồ bơi đẹp. Rất hài lòng với chuyến đi.', '2026-04-17 00:00:00'),
  (22, 46, 21, 39, 4.0, 'Vị trí tốt nhưng phòng hơi nhỏ so với mong đợi. Giá hợp lý.', '2026-02-25 00:00:00'),
  (23, 4, 20, 44, 4.5, 'Bữa sáng buffet đa dạng, hồ bơi đẹp. Rất hài lòng với chuyến đi.', '2026-01-31 00:00:00'),
  (24, 9, 13, 6, 4.5, 'Trải nghiệm tuyệt vời, đáng đồng tiền. Spa rất thư giãn.', '2026-04-15 00:00:00'),
  (25, 5, 9, 41, 4.5, 'Lễ tân nhiệt tình, check-in nhanh chóng. Phòng rộng và yên tĩnh.', '2026-01-24 00:00:00'),
  (26, 13, 25, 47, 5.0, 'Vị trí đắc địa giữa trung tâm, đi bộ đến phố cổ chỉ 5 phút.', '2026-04-26 00:00:00');


INSERT INTO `places` (`id`, `name`, `type`, `district`, `address`, `description`, `rating`, `avg_price`, `image_url`, `lat`, `lng`) VALUES
  (1, 'Bún Chả Hương Liên', 'restaurant', 'Hai Bà Trưng', '24 Lê Văn Hưu', 'Bún chả Obama nổi tiếng', 4.5, 80000, 'https://images.unsplash.com/photo-1582878826629-29b7ad1cdc43?w=600&q=80', 21.057781, 105.844922),
  (2, 'Phở Thìn Lò Đúc', 'restaurant', 'Hai Bà Trưng', '13 Lò Đúc', 'Phở bò truyền thống nức tiếng', 4.6, 70000, 'https://images.unsplash.com/photo-1582106245687-cbb466a9f07f?w=600&q=80', 21.022423, 105.86984),
  (3, 'Bún Bò Nam Bộ Bách Phương', 'restaurant', 'Hoàn Kiếm', '67 Hàng Điếu', 'Bún bò Nam Bộ ngon nhất phố cổ', 4.4, 60000, 'https://images.unsplash.com/photo-1626804475297-41608ea09aeb?w=600&q=80', 21.029399, 105.830571),
  (4, 'Chả Cá Lã Vọng', 'restaurant', 'Hoàn Kiếm', '14 Chả Cá', 'Đặc sản Hà Nội từ năm 1871', 4.3, 250000, 'https://images.unsplash.com/photo-1565299624946-b28f40a0ae38?w=600&q=80', 21.013004, 105.831551),
  (5, 'Bánh Cuốn Bà Hoành', 'restaurant', 'Hoàn Kiếm', '66 Tô Hiến Thành', 'Bánh cuốn nóng truyền thống', 4.5, 50000, 'https://images.unsplash.com/photo-1559847844-5315695dadae?w=600&q=80', 21.025476, 105.832653),
  (6, 'Phở Bát Đàn', 'restaurant', 'Hoàn Kiếm', '49 Bát Đàn', 'Phở xếp hàng nổi tiếng', 4.4, 65000, 'https://images.unsplash.com/photo-1583224964978-2257b960c3d3?w=600&q=80', 21.001536, 105.880923),
  (7, 'Bún Đậu Mắm Tôm Hàng Khay', 'restaurant', 'Hoàn Kiếm', '8B Hàng Khay', 'Bún đậu mắm tôm chuẩn vị', 4.3, 90000, 'https://images.unsplash.com/photo-1547573854-74d2a71d0826?w=600&q=80', 21.05035, 105.849288),
  (8, 'Cà phê Giảng', 'cafe', 'Hoàn Kiếm', '39 Nguyễn Hữu Huân', 'Cà phê trứng nguyên bản từ 1946', 4.5, 35000, 'https://images.unsplash.com/photo-1497636577773-f1231844b336?w=600&q=80', 21.056261, 105.878339),
  (9, 'The Note Coffee', 'cafe', 'Hoàn Kiếm', '64 Lương Văn Can', 'Quán cà phê tường giấy nhớ độc đáo', 4.4, 55000, 'https://images.unsplash.com/photo-1554118811-1e0d58224f24?w=600&q=80', 21.047309, 105.880225),
  (10, 'Cộng Cà Phê', 'cafe', 'Hoàn Kiếm', '152 Triệu Việt Vương', 'Chuỗi cà phê phong cách bao cấp', 4.5, 45000, 'https://images.unsplash.com/photo-1495474472287-4d71bcdd2085?w=600&q=80', 21.041768, 105.83559),
  (11, 'Tranquil Books & Coffee', 'cafe', 'Tây Hồ', '5 Nguyễn Quang Bích', 'Quán sách yên tĩnh cho dân writer', 4.6, 60000, 'https://images.unsplash.com/photo-1453614512568-c4024d13c247?w=600&q=80', 21.008061, 105.883958),
  (12, 'Cafe Loft', 'cafe', 'Tây Hồ', '26 Tô Ngọc Vân', 'Cà phê view Hồ Tây tầng cao', 4.5, 70000, 'https://images.unsplash.com/photo-1442975631115-c4f7b05b8a2c?w=600&q=80', 21.026509, 105.876945),
  (13, 'Hồ Hoàn Kiếm', 'attraction', 'Hoàn Kiếm', 'Hồ Hoàn Kiếm', 'Trái tim Hà Nội, đi bộ cuối tuần', 4.7, 0, 'https://images.unsplash.com/photo-1583417319070-4a69db38a482?w=600&q=80', 21.028342, 105.829603),
  (14, 'Phố cổ Hà Nội', 'attraction', 'Hoàn Kiếm', '36 phố phường', 'Khu phố cổ trăm tuổi với 36 phố nghề', 4.7, 0, 'https://images.unsplash.com/photo-1555921015-5532091f6026?w=600&q=80', 21.022095, 105.851634),
  (15, 'Văn Miếu - Quốc Tử Giám', 'attraction', 'Đống Đa', '58 Quốc Tử Giám', 'Trường đại học đầu tiên của Việt Nam', 4.6, 30000, 'https://images.unsplash.com/photo-1555921015-5532091f6026?w=600&q=80', 21.012944, 105.859201),
  (16, 'Lăng Chủ tịch Hồ Chí Minh', 'attraction', 'Ba Đình', 'Hùng Vương', 'Di tích lịch sử quan trọng', 4.5, 25000, 'https://images.unsplash.com/photo-1583417319070-4a69db38a482?w=600&q=80', 21.001419, 105.841081),
  (17, 'Hồ Tây', 'attraction', 'Tây Hồ', 'Quanh Hồ Tây', 'Hồ lớn nhất nội thành với chùa Trấn Quốc', 4.6, 0, 'https://images.unsplash.com/photo-1583417319070-4a69db38a482?w=600&q=80', 21.034351, 105.874771),
  (18, 'Nhà hát Lớn Hà Nội', 'attraction', 'Hoàn Kiếm', '1 Tràng Tiền', 'Kiến trúc Pháp đẹp nhất Đông Dương', 4.5, 80000, 'https://images.unsplash.com/photo-1542640244-7e672d6cef4e?w=600&q=80', 21.038851, 105.841345),
  (19, 'Bảo tàng Dân tộc học', 'attraction', 'Cầu Giấy', 'Nguyễn Văn Huyên', 'Bảo tàng văn hóa 54 dân tộc Việt Nam', 4.7, 40000, 'https://images.unsplash.com/photo-1564399579883-451a5d44ec08?w=600&q=80', 20.998991, 105.83065),
  (20, 'Train Street', 'attraction', 'Hoàn Kiếm', 'Phố Phùng Hưng', 'Phố tàu hỏa nổi tiếng trên Instagram', 4.4, 0, 'https://images.unsplash.com/photo-1583417319070-4a69db38a482?w=600&q=80', 21.006536, 105.840068),
  (21, 'Chợ Đồng Xuân', 'shopping', 'Hoàn Kiếm', 'Đồng Xuân', 'Chợ lớn nhất Hà Nội', 4.2, 0, 'https://images.unsplash.com/photo-1555529669-e69e7aa0ba9a?w=600&q=80', 21.020447, 105.848395),
  (22, 'Tràng Tiền Plaza', 'shopping', 'Hoàn Kiếm', '24 Hai Bà Trưng', 'Trung tâm thương mại cao cấp', 4.4, 0, 'https://images.unsplash.com/photo-1555529669-e69e7aa0ba9a?w=600&q=80', 21.001215, 105.827269),
  (23, 'Vincom Bà Triệu', 'shopping', 'Hai Bà Trưng', '191 Bà Triệu', 'Trung tâm mua sắm với rạp chiếu phim', 4.5, 0, 'https://images.unsplash.com/photo-1555529669-e69e7aa0ba9a?w=600&q=80', 21.032209, 105.845951);


INSERT INTO `chat_sessions` (`id`, `user_id`, `started_at`, `ended_at`, `message_count`) VALUES
  (1, 11, '2026-04-15 08:00:00', '2026-04-15 08:09:00', 4),
  (2, 5, '2026-04-16 14:00:00', '2026-04-16 14:10:00', 6),
  (3, 3, '2026-04-26 20:00:00', '2026-04-26 20:13:00', 4),
  (4, 6, '2026-03-30 08:00:00', '2026-03-30 08:04:00', 4),
  (5, 21, '2026-04-09 14:00:00', '2026-04-09 14:10:00', 4),
  (6, 17, '2026-04-16 14:00:00', '2026-04-16 14:12:00', 4),
  (7, 21, '2026-04-19 04:00:00', '2026-04-19 04:14:00', 6),
  (8, 6, '2026-04-26 06:00:00', '2026-04-26 06:13:00', 4),
  (9, 12, '2026-04-23 11:00:00', '2026-04-23 11:13:00', 6),
  (10, 18, '2026-04-10 14:00:00', '2026-04-10 14:12:00', 4),
  (11, 7, '2026-03-29 07:00:00', '2026-03-29 07:07:00', 6),
  (12, 10, '2026-04-18 17:00:00', '2026-04-18 17:06:00', 4),
  (13, 17, '2026-04-10 01:00:00', '2026-04-10 01:06:00', 4),
  (14, 30, '2026-04-01 13:00:00', '2026-04-01 13:14:00', 6),
  (15, 16, '2026-04-04 09:00:00', '2026-04-04 09:05:00', 4),
  (16, 6, '2026-04-08 01:00:00', '2026-04-08 01:11:00', 4),
  (17, 9, '2026-04-26 21:00:00', '2026-04-26 21:08:00', 4),
  (18, 2, '2026-03-29 19:00:00', '2026-03-29 19:08:00', 4),
  (19, 12, '2026-04-07 23:00:00', '2026-04-07 23:14:00', 4),
  (20, 7, '2026-03-30 19:00:00', '2026-03-30 19:02:00', 6);


INSERT INTO `chat_messages` (`id`, `session_id`, `sender`, `content`, `created_at`) VALUES
  (1, 1, 'user', 'Tôi muốn ở khách sạn trung tâm dưới 1 triệu/đêm', '2026-04-15 08:00:00'),
  (2, 1, 'bot', 'Bạn có yêu cầu gì về tiện ích không? Ví dụ wifi, bữa sáng, bể bơi?', '2026-04-15 08:00:55'),
  (3, 1, 'user', 'Có wifi và bữa sáng là được', '2026-04-15 08:01:10'),
  (4, 1, 'bot', 'Tôi tìm được 8 khách sạn phù hợp, đứng đầu là Hanoi Pearl Hotel với giá 850.000đ/đêm và đánh giá 4.5★', '2026-04-15 08:01:48'),
  (5, 2, 'user', 'Phòng đôi 2 triệu/đêm, view đẹp, yên tĩnh', '2026-04-16 14:00:00'),
  (6, 2, 'bot', 'Tôi gợi ý Hanoi Daewoo (Ba Đình) — phòng Deluxe Garden View 2.200.000đ, hồ bơi rộng, khu yên tĩnh.', '2026-04-16 14:00:38'),
  (7, 2, 'user', 'Có hồ bơi ngoài trời không?', '2026-04-16 14:01:30'),
  (8, 2, 'bot', 'Có ạ, Daewoo có hồ bơi ngoài trời lớn nhất Hà Nội, mở từ 6h-22h.', '2026-04-16 14:04:15'),
  (9, 2, 'user', 'Đặt giúp tôi 2 đêm cuối tuần', '2026-04-16 14:04:44'),
  (10, 2, 'bot', 'Đã ghi nhận. Bạn vui lòng cung cấp họ tên và email để hoàn tất đặt phòng nhé.', '2026-04-16 14:07:00'),
  (11, 3, 'user', 'Tôi muốn ở khách sạn trung tâm dưới 1 triệu/đêm', '2026-04-26 20:00:00'),
  (12, 3, 'bot', 'Bạn có yêu cầu gì về tiện ích không? Ví dụ wifi, bữa sáng, bể bơi?', '2026-04-26 20:01:20'),
  (13, 3, 'user', 'Có wifi và bữa sáng là được', '2026-04-26 20:02:52'),
  (14, 3, 'bot', 'Tôi tìm được 8 khách sạn phù hợp, đứng đầu là Hanoi Pearl Hotel với giá 850.000đ/đêm và đánh giá 4.5★', '2026-04-26 20:03:54'),
  (15, 4, 'user', 'Tôi muốn khách sạn cao cấp gần Nhà hát Lớn', '2026-03-30 08:00:00'),
  (16, 4, 'bot', 'Hilton Hanoi Opera đối diện Nhà hát Lớn, từ 3.200.000đ/đêm. Hoặc De L''Opera MGallery boutique 5 sao 2.950.000đ.', '2026-03-30 08:01:00'),
  (17, 4, 'user', 'Hilton có gì nổi bật?', '2026-03-30 08:01:20'),
  (18, 4, 'bot', 'Hilton có nhà hàng Ý Chez Manon, lounge tầng cao view trung tâm, gym 24/7 và phòng họp lớn.', '2026-03-30 08:03:30'),
  (19, 5, 'user', 'Tìm khách sạn gần phố cổ có spa và bể bơi', '2026-04-09 14:00:00'),
  (20, 5, 'bot', 'Sofitel Legend Metropole có đầy đủ spa, bể bơi và nằm ngay trung tâm Hoàn Kiếm. Giá từ 5.800.000đ/đêm.', '2026-04-09 14:01:28'),
  (21, 5, 'user', 'Có lựa chọn nào rẻ hơn không?', '2026-04-09 14:02:44'),
  (22, 5, 'bot', 'Apricot Hotel có spa, gym, view Hồ Gươm với giá từ 2.400.000đ — phù hợp ngân sách trung bình.', '2026-04-09 14:02:54'),
  (23, 6, 'user', 'Tôi muốn ở khách sạn trung tâm dưới 1 triệu/đêm', '2026-04-16 14:00:00'),
  (24, 6, 'bot', 'Bạn có yêu cầu gì về tiện ích không? Ví dụ wifi, bữa sáng, bể bơi?', '2026-04-16 14:01:13'),
  (25, 6, 'user', 'Có wifi và bữa sáng là được', '2026-04-16 14:01:58'),
  (26, 6, 'bot', 'Tôi tìm được 8 khách sạn phù hợp, đứng đầu là Hanoi Pearl Hotel với giá 850.000đ/đêm và đánh giá 4.5★', '2026-04-16 14:01:09'),
  (27, 7, 'user', 'Phòng đôi 2 triệu/đêm, view đẹp, yên tĩnh', '2026-04-19 04:00:00'),
  (28, 7, 'bot', 'Tôi gợi ý Hanoi Daewoo (Ba Đình) — phòng Deluxe Garden View 2.200.000đ, hồ bơi rộng, khu yên tĩnh.', '2026-04-19 04:00:26'),
  (29, 7, 'user', 'Có hồ bơi ngoài trời không?', '2026-04-19 04:02:42'),
  (30, 7, 'bot', 'Có ạ, Daewoo có hồ bơi ngoài trời lớn nhất Hà Nội, mở từ 6h-22h.', '2026-04-19 04:02:03'),
  (31, 7, 'user', 'Đặt giúp tôi 2 đêm cuối tuần', '2026-04-19 04:05:48'),
  (32, 7, 'bot', 'Đã ghi nhận. Bạn vui lòng cung cấp họ tên và email để hoàn tất đặt phòng nhé.', '2026-04-19 04:05:40'),
  (33, 8, 'user', 'Khách sạn 5 sao view Hồ Tây có không?', '2026-04-26 06:00:00'),
  (34, 8, 'bot', 'Có ạ! Nổi bật nhất là InterContinental Westlake và Pan Pacific Hanoi, đều có pavilion trên mặt hồ', '2026-04-26 06:00:44'),
  (35, 8, 'user', 'Giá InterContinental bao nhiêu?', '2026-04-26 06:00:44'),
  (36, 8, 'bot', 'Phòng Lake View King từ 4.200.000đ/đêm, Pavilion Suite 8.900.000đ. Bạn muốn xem chi tiết phòng nào?', '2026-04-26 06:03:48'),
  (37, 9, 'user', 'Phòng đôi 2 triệu/đêm, view đẹp, yên tĩnh', '2026-04-23 11:00:00'),
  (38, 9, 'bot', 'Tôi gợi ý Hanoi Daewoo (Ba Đình) — phòng Deluxe Garden View 2.200.000đ, hồ bơi rộng, khu yên tĩnh.', '2026-04-23 11:01:12'),
  (39, 9, 'user', 'Có hồ bơi ngoài trời không?', '2026-04-23 11:02:48'),
  (40, 9, 'bot', 'Có ạ, Daewoo có hồ bơi ngoài trời lớn nhất Hà Nội, mở từ 6h-22h.', '2026-04-23 11:04:00'),
  (41, 9, 'user', 'Đặt giúp tôi 2 đêm cuối tuần', '2026-04-23 11:01:48'),
  (42, 9, 'bot', 'Đã ghi nhận. Bạn vui lòng cung cấp họ tên và email để hoàn tất đặt phòng nhé.', '2026-04-23 11:03:05'),
  (43, 10, 'user', 'Khách sạn 5 sao view Hồ Tây có không?', '2026-04-10 14:00:00'),
  (44, 10, 'bot', 'Có ạ! Nổi bật nhất là InterContinental Westlake và Pan Pacific Hanoi, đều có pavilion trên mặt hồ', '2026-04-10 14:01:27'),
  (45, 10, 'user', 'Giá InterContinental bao nhiêu?', '2026-04-10 14:02:16'),
  (46, 10, 'bot', 'Phòng Lake View King từ 4.200.000đ/đêm, Pavilion Suite 8.900.000đ. Bạn muốn xem chi tiết phòng nào?', '2026-04-10 14:03:00'),
  (47, 11, 'user', 'Phòng đôi 2 triệu/đêm, view đẹp, yên tĩnh', '2026-03-29 07:00:00'),
  (48, 11, 'bot', 'Tôi gợi ý Hanoi Daewoo (Ba Đình) — phòng Deluxe Garden View 2.200.000đ, hồ bơi rộng, khu yên tĩnh.', '2026-03-29 07:01:05'),
  (49, 11, 'user', 'Có hồ bơi ngoài trời không?', '2026-03-29 07:01:46'),
  (50, 11, 'bot', 'Có ạ, Daewoo có hồ bơi ngoài trời lớn nhất Hà Nội, mở từ 6h-22h.', '2026-03-29 07:04:03'),
  (51, 11, 'user', 'Đặt giúp tôi 2 đêm cuối tuần', '2026-03-29 07:02:56'),
  (52, 11, 'bot', 'Đã ghi nhận. Bạn vui lòng cung cấp họ tên và email để hoàn tất đặt phòng nhé.', '2026-03-29 07:04:15'),
  (53, 12, 'user', 'Tôi muốn khách sạn cao cấp gần Nhà hát Lớn', '2026-04-18 17:00:00'),
  (54, 12, 'bot', 'Hilton Hanoi Opera đối diện Nhà hát Lớn, từ 3.200.000đ/đêm. Hoặc De L''Opera MGallery boutique 5 sao 2.950.000đ.', '2026-04-18 17:00:46'),
  (55, 12, 'user', 'Hilton có gì nổi bật?', '2026-04-18 17:02:44'),
  (56, 12, 'bot', 'Hilton có nhà hàng Ý Chez Manon, lounge tầng cao view trung tâm, gym 24/7 và phòng họp lớn.', '2026-04-18 17:03:00'),
  (57, 13, 'user', 'Tìm khách sạn gần phố cổ có spa và bể bơi', '2026-04-10 01:00:00'),
  (58, 13, 'bot', 'Sofitel Legend Metropole có đầy đủ spa, bể bơi và nằm ngay trung tâm Hoàn Kiếm. Giá từ 5.800.000đ/đêm.', '2026-04-10 01:00:35'),
  (59, 13, 'user', 'Có lựa chọn nào rẻ hơn không?', '2026-04-10 01:02:58'),
  (60, 13, 'bot', 'Apricot Hotel có spa, gym, view Hồ Gươm với giá từ 2.400.000đ — phù hợp ngân sách trung bình.', '2026-04-10 01:03:24'),
  (61, 14, 'user', 'Phòng đôi 2 triệu/đêm, view đẹp, yên tĩnh', '2026-04-01 13:00:00'),
  (62, 14, 'bot', 'Tôi gợi ý Hanoi Daewoo (Ba Đình) — phòng Deluxe Garden View 2.200.000đ, hồ bơi rộng, khu yên tĩnh.', '2026-04-01 13:00:57'),
  (63, 14, 'user', 'Có hồ bơi ngoài trời không?', '2026-04-01 13:00:50'),
  (64, 14, 'bot', 'Có ạ, Daewoo có hồ bơi ngoài trời lớn nhất Hà Nội, mở từ 6h-22h.', '2026-04-01 13:02:48'),
  (65, 14, 'user', 'Đặt giúp tôi 2 đêm cuối tuần', '2026-04-01 13:02:00'),
  (66, 14, 'bot', 'Đã ghi nhận. Bạn vui lòng cung cấp họ tên và email để hoàn tất đặt phòng nhé.', '2026-04-01 13:05:20'),
  (67, 15, 'user', 'Tìm khách sạn gần phố cổ có spa và bể bơi', '2026-04-04 09:00:00'),
  (68, 15, 'bot', 'Sofitel Legend Metropole có đầy đủ spa, bể bơi và nằm ngay trung tâm Hoàn Kiếm. Giá từ 5.800.000đ/đêm.', '2026-04-04 09:01:28'),
  (69, 15, 'user', 'Có lựa chọn nào rẻ hơn không?', '2026-04-04 09:01:48'),
  (70, 15, 'bot', 'Apricot Hotel có spa, gym, view Hồ Gươm với giá từ 2.400.000đ — phù hợp ngân sách trung bình.', '2026-04-04 09:02:42'),
  (71, 16, 'user', 'Tôi muốn ở khách sạn trung tâm dưới 1 triệu/đêm', '2026-04-08 01:00:00'),
  (72, 16, 'bot', 'Bạn có yêu cầu gì về tiện ích không? Ví dụ wifi, bữa sáng, bể bơi?', '2026-04-08 01:00:51'),
  (73, 16, 'user', 'Có wifi và bữa sáng là được', '2026-04-08 01:00:52'),
  (74, 16, 'bot', 'Tôi tìm được 8 khách sạn phù hợp, đứng đầu là Hanoi Pearl Hotel với giá 850.000đ/đêm và đánh giá 4.5★', '2026-04-08 01:04:21'),
  (75, 17, 'user', 'Khách sạn 5 sao view Hồ Tây có không?', '2026-04-26 21:00:00'),
  (76, 17, 'bot', 'Có ạ! Nổi bật nhất là InterContinental Westlake và Pan Pacific Hanoi, đều có pavilion trên mặt hồ', '2026-04-26 21:01:20'),
  (77, 17, 'user', 'Giá InterContinental bao nhiêu?', '2026-04-26 21:01:04'),
  (78, 17, 'bot', 'Phòng Lake View King từ 4.200.000đ/đêm, Pavilion Suite 8.900.000đ. Bạn muốn xem chi tiết phòng nào?', '2026-04-26 21:01:51'),
  (79, 18, 'user', 'Tôi muốn khách sạn cao cấp gần Nhà hát Lớn', '2026-03-29 19:00:00'),
  (80, 18, 'bot', 'Hilton Hanoi Opera đối diện Nhà hát Lớn, từ 3.200.000đ/đêm. Hoặc De L''Opera MGallery boutique 5 sao 2.950.000đ.', '2026-03-29 19:01:21'),
  (81, 18, 'user', 'Hilton có gì nổi bật?', '2026-03-29 19:01:30'),
  (82, 18, 'bot', 'Hilton có nhà hàng Ý Chez Manon, lounge tầng cao view trung tâm, gym 24/7 và phòng họp lớn.', '2026-03-29 19:02:48'),
  (83, 19, 'user', 'Tìm khách sạn gần phố cổ có spa và bể bơi', '2026-04-07 23:00:00'),
  (84, 19, 'bot', 'Sofitel Legend Metropole có đầy đủ spa, bể bơi và nằm ngay trung tâm Hoàn Kiếm. Giá từ 5.800.000đ/đêm.', '2026-04-07 23:00:49'),
  (85, 19, 'user', 'Có lựa chọn nào rẻ hơn không?', '2026-04-07 23:02:56'),
  (86, 19, 'bot', 'Apricot Hotel có spa, gym, view Hồ Gươm với giá từ 2.400.000đ — phù hợp ngân sách trung bình.', '2026-04-07 23:01:12'),
  (87, 20, 'user', 'Phòng đôi 2 triệu/đêm, view đẹp, yên tĩnh', '2026-03-30 19:00:00'),
  (88, 20, 'bot', 'Tôi gợi ý Hanoi Daewoo (Ba Đình) — phòng Deluxe Garden View 2.200.000đ, hồ bơi rộng, khu yên tĩnh.', '2026-03-30 19:01:23'),
  (89, 20, 'user', 'Có hồ bơi ngoài trời không?', '2026-03-30 19:01:26'),
  (90, 20, 'bot', 'Có ạ, Daewoo có hồ bơi ngoài trời lớn nhất Hà Nội, mở từ 6h-22h.', '2026-03-30 19:02:51'),
  (91, 20, 'user', 'Đặt giúp tôi 2 đêm cuối tuần', '2026-03-30 19:01:36'),
  (92, 20, 'bot', 'Đã ghi nhận. Bạn vui lòng cung cấp họ tên và email để hoàn tất đặt phòng nhé.', '2026-03-30 19:01:45');


SET FOREIGN_KEY_CHECKS = 1;

-- =============================================================
-- Summary: 30 users · 51 hotels · 218 rooms · 208 images
--          80 bookings · 71 payments · 26 reviews
--          23 places · 20 chat sessions · 92 messages
-- =============================================================